"project","path","loc","functions","functionDecls","functionExprs","namedFuncExprs","calls","requires","defines","fsSyncs","fsAsyncs","setTimeouts","setIntervals","setImmediates","nextTicks","argscount","argsmax","paramscount","paramsmax"
"2048","/Users/keheliya/dev/top_games/2048/js/animframe_polyfill.js",29,4,0,4,0,6,0,0,0,0,0,0,0,0,"2 2 2 0 0 0 0 0 0 0 0",2,"2 2 0 0 0 0 0 0 0 0 0",1
"2048","/Users/keheliya/dev/top_games/2048/js/application.js",5,1,0,1,0,1,0,0,0,0,0,0,0,0,"0 1 0 0 0 0 0 0 0 0 0",1,"1 0 0 0 0 0 0 0 0 0 0",0
"2048","/Users/keheliya/dev/top_games/2048/js/bind_polyfill.js",10,2,0,2,0,1,0,0,0,0,0,0,0,0,"0 0 1 0 0 0 0 0 0 0 0",2,"0 2 0 0 0 0 0 0 0 0 0",1
"2048","/Users/keheliya/dev/top_games/2048/js/classlist_polyfill.js",72,10,2,8,0,19,0,0,0,0,0,0,0,0,"3 8 5 3 0 0 0 0 0 0 0",3,"3 6 0 1 0 0 0 0 0 0 0",3
"2048","/Users/keheliya/dev/top_games/2048/js/game_manager.js",273,21,1,20,0,59,0,0,0,0,0,0,0,0,"28 24 7 0 0 0 0 0 0 0 0",2,"11 5 3 1 1 0 0 0 0 0 0",4
"2048","/Users/keheliya/dev/top_games/2048/js/grid.js",118,15,1,14,0,16,0,0,0,0,0,0,0,0,"5 10 0 1 0 0 0 0 0 0 0",3,"5 8 1 1 0 0 0 0 0 0 0",3
"2048","/Users/keheliya/dev/top_games/2048/js/html_actuator.js",140,17,1,16,0,43,0,0,0,0,0,0,0,0,"1 37 5 0 0 0 0 0 0 0 0",2,"5 10 2 0 0 0 0 0 0 0 0",2
"2048","/Users/keheliya/dev/top_games/2048/js/keyboard_input_manager.js",145,12,1,11,0,30,0,0,0,0,0,0,0,0,"6 11 13 0 0 0 0 0 0 0 0",2,"2 7 3 0 0 0 0 0 0 0 0",2
"2048","/Users/keheliya/dev/top_games/2048/js/local_storage_manager.js",64,11,1,10,0,12,0,0,0,0,0,0,0,0,"1 8 3 0 0 0 0 0 0 0 0",2,"6 4 1 0 0 0 0 0 0 0 0",2
"2048","/Users/keheliya/dev/top_games/2048/js/tile.js",28,4,1,3,0,0,0,0,0,0,0,0,0,0,"0 0 0 0 0 0 0 0 0 0 0",0,"2 1 1 0 0 0 0 0 0 0 0",2
"BrowserQuest","/Users/keheliya/dev/top_games/BrowserQuest/bin/r.js",8624,576,206,370,2,1920,18,28,22,0,2,1,0,0,"277 1003 506 102 23 8 1 0 0 0 0",6,"118 236 125 69 21 5 0 1 1 0 0",8
"BrowserQuest","/Users/keheliya/dev/top_games/BrowserQuest/client/js/animation.js",69,8,0,8,0,7,0,1,0,0,0,0,0,0,"3 3 1 0 0 0 0 0 0 0 0",2,"3 3 1 0 0 1 0 0 0 0 0",5
"BrowserQuest","/Users/keheliya/dev/top_games/BrowserQuest/client/js/app.js",534,55,0,55,0,269,0,1,0,0,7,3,0,0,"48 186 29 6 0 0 0 0 0 0 0",3,"35 11 8 1 0 0 0 0 0 0 0",3
"BrowserQuest","/Users/keheliya/dev/top_games/BrowserQuest/client/js/area.js",25,3,0,3,0,2,0,1,0,0,0,0,0,0,"0 2 0 0 0 0 0 0 0 0 0",1,"1 1 0 0 1 0 0 0 0 0 0",4
"BrowserQuest","/Users/keheliya/dev/top_games/BrowserQuest/client/js/audio.js",251,34,0,34,0,60,0,1,0,0,0,2,0,0,"16 27 11 4 2 0 0 0 0 0 0",4,"11 18 3 0 1 1 0 0 0 0 0",5
"BrowserQuest","/Users/keheliya/dev/top_games/BrowserQuest/client/js/bubble.js",103,17,0,17,0,25,0,1,0,0,0,0,0,0,"4 15 6 0 0 0 0 0 0 0 0",2,"2 12 1 2 0 0 0 0 0 0 0",3
"BrowserQuest","/Users/keheliya/dev/top_games/BrowserQuest/client/js/build.js",35,0,0,0,0,0,0,0,0,0,0,0,0,0,"0 0 0 0 0 0 0 0 0 0 0",0,"0 0 0 0 0 0 0 0 0 0 0",0
"BrowserQuest","/Users/keheliya/dev/top_games/BrowserQuest/client/js/camera.js",84,10,0,10,0,18,0,1,0,0,0,0,0,0,"1 13 4 0 0 0 0 0 0 0 0",2,"2 4 4 0 0 0 0 0 0 0 0",2
"BrowserQuest","/Users/keheliya/dev/top_games/BrowserQuest/client/js/character.js",552,61,0,61,0,81,0,1,0,0,1,0,0,0,"30 34 15 1 1 0 0 0 0 0 0",4,"22 31 5 2 1 0 0 0 0 0 0",4
"BrowserQuest","/Users/keheliya/dev/top_games/BrowserQuest/client/js/chest.js",29,6,0,6,0,4,0,1,0,0,0,0,0,0,"1 1 2 0 0 0 0 0 0 0 0",2,"3 2 1 0 0 0 0 0 0 0 0",2
"BrowserQuest","/Users/keheliya/dev/top_games/BrowserQuest/client/js/config.js",20,2,0,2,0,4,1,1,0,0,0,0,0,0,"0 2 2 0 0 0 0 0 0 0 0",2,"0 2 0 0 0 0 0 0 0 0 0",1
"BrowserQuest","/Users/keheliya/dev/top_games/BrowserQuest/client/js/detect.js",40,8,0,8,0,10,0,0,0,0,0,0,0,0,"0 10 0 0 0 0 0 0 0 0 0",1,"6 2 0 0 0 0 0 0 0 0 0",1
"BrowserQuest","/Users/keheliya/dev/top_games/BrowserQuest/client/js/entity.js",260,32,0,32,0,42,0,1,0,0,0,1,0,0,"8 24 6 4 0 0 0 0 0 0 0",3,"11 16 4 0 1 0 0 0 0 0 0",4
"BrowserQuest","/Users/keheliya/dev/top_games/BrowserQuest/client/js/entityfactory.js",213,48,0,48,0,5,0,1,0,0,0,0,0,0,"0 2 3 0 0 0 0 0 0 0 0",2,"0 45 1 1 0 1 0 0 0 0 0",5
"BrowserQuest","/Users/keheliya/dev/top_games/BrowserQuest/client/js/exceptions.js",14,2,0,2,0,2,0,1,0,0,0,0,0,0,"0 2 0 0 0 0 0 0 0 0 0",1,"1 1 0 0 0 0 0 0 0 0 0",1
"BrowserQuest","/Users/keheliya/dev/top_games/BrowserQuest/client/js/game.js",2455,220,0,220,0,668,0,1,0,0,4,1,0,0,"159 355 115 26 11 2 0 0 0 0 0",5,"66 93 40 14 3 3 0 0 0 0 0            1",22
"BrowserQuest","/Users/keheliya/dev/top_games/BrowserQuest/client/js/gameclient.js",544,70,0,70,0,80,0,1,0,0,0,0,0,0,"5 52 16 5 0 2 0 0 0 0 0",5,"4 61 3 2 0 0 0 0 0 0 0",3
"BrowserQuest","/Users/keheliya/dev/top_games/BrowserQuest/client/js/home.js",4,1,0,1,0,2,1,1,0,0,0,0,0,0,"0 1 1 0 0 0 0 0 0 0 0",2,"1 0 0 0 0 0 0 0 0 0 0",0
"BrowserQuest","/Users/keheliya/dev/top_games/BrowserQuest/client/js/infomanager.js",110,15,0,15,0,15,0,1,0,0,0,0,0,0,"2 11 2 0 0 0 0 0 0 0 0",2,"3 9 1 0 1 0 1 0 0 0 0",6
"BrowserQuest","/Users/keheliya/dev/top_games/BrowserQuest/client/js/item.js",36,6,0,6,0,6,0,1,0,0,0,0,0,0,"0 4 2 0 0 0 0 0 0 0 0",2,"3 2 0 1 0 0 0 0 0 0 0",3
"BrowserQuest","/Users/keheliya/dev/top_games/BrowserQuest/client/js/items.js",118,17,0,17,0,32,0,1,0,0,0,0,0,0,"1 15 1 15 0 0 0 0 0 0 0",3,"0 17 0 0 0 0 0 0 0 0 0",1
"BrowserQuest","/Users/keheliya/dev/top_games/BrowserQuest/client/js/lib/astar.js",151,10,8,2,0,14,0,1,0,0,0,0,0,0,"2 6 2 0 2 0 1 0 0 0 0   1",13,"2 0 0 0 4 0 1 0 0 0 0   3",13
"BrowserQuest","/Users/keheliya/dev/top_games/BrowserQuest/client/js/lib/bison.js",253,4,3,1,0,28,0,0,0,0,0,0,0,0,"2 20 6 0 0 0 0 0 0 0 0",2,"0 3 1 0 0 0 0 0 0 0 0",2
"BrowserQuest","/Users/keheliya/dev/top_games/BrowserQuest/client/js/lib/class.js",69,6,0,6,0,5,0,0,0,0,0,0,0,0,"0 2 3 0 0 0 0 0 0 0 0",2,"4 1 1 0 0 0 0 0 0 0 0",2
"BrowserQuest","/Users/keheliya/dev/top_games/BrowserQuest/client/js/lib/css3-mediaqueries.js",780,95,1,94,1,211,0,0,0,0,8,1,0,0,"47 106 53 5 0 0 0 0 0 0 0",3,"52 32 10 1 0 0 0 0 0 0 0",3
"BrowserQuest","/Users/keheliya/dev/top_games/BrowserQuest/client/js/lib/log.js",39,7,0,7,0,7,0,0,0,0,0,0,0,0,"1 6 0 0 0 0 0 0 0 0 0",1,"3 3 1 0 0 0 0 0 0 0 0",2
"BrowserQuest","/Users/keheliya/dev/top_games/BrowserQuest/client/js/lib/require-jquery.js",11066,574,64,510,2,1824,0,2,0,0,9,2,0,0,"233 858 510 152 59 6 6 0 0 0 0",6,"131 201 141 68 25 2 6 0 0 0 0",6
"BrowserQuest","/Users/keheliya/dev/top_games/BrowserQuest/client/js/lib/stacktrace.js",357,25,1,24,0,54,0,0,0,0,0,0,0,0,"7 26 19 2 0 0 0 0 0 0 0",3,"9 12 3 1 0 0 0 0 0 0 0",3
"BrowserQuest","/Users/keheliya/dev/top_games/BrowserQuest/client/js/main.js",410,49,0,49,0,258,1,1,0,0,0,0,0,0,"55 180 21 1 0 1 0 0 0 0 0",5,"28 18 2 1 0 0 0 0 0 0 0",3
"BrowserQuest","/Users/keheliya/dev/top_games/BrowserQuest/client/js/map.js",310,33,0,33,0,48,0,1,0,0,0,0,0,0,"7 26 14 1 0 0 0 0 0 0 0",3,"5 19 9 0 0 0 0 0 0 0 0",2
"BrowserQuest","/Users/keheliya/dev/top_games/BrowserQuest/client/js/mapworker.js",69,7,3,4,0,11,0,0,0,0,0,0,0,0,"2 4 5 0 0 0 0 0 0 0 0",2,"2 4 1 0 0 0 0 0 0 0 0",2
"BrowserQuest","/Users/keheliya/dev/top_games/BrowserQuest/client/js/mob.js",14,2,0,2,0,3,0,1,0,0,0,0,0,0,"0 1 2 0 0 0 0 0 0 0 0",2,"0 1 1 0 0 0 0 0 0 0 0",2
"BrowserQuest","/Users/keheliya/dev/top_games/BrowserQuest/client/js/mobs.js",161,16,0,16,0,38,0,1,0,0,0,0,0,0,"2 22 14 0 0 0 0 0 0 0 0",2,"0 15 1 0 0 0 0 0 0 0 0",2
"BrowserQuest","/Users/keheliya/dev/top_games/BrowserQuest/client/js/npc.js",188,3,0,3,0,4,0,1,0,0,0,0,0,0,"0 2 1 1 0 0 0 0 0 0 0",3,"1 1 1 0 0 0 0 0 0 0 0",2
"BrowserQuest","/Users/keheliya/dev/top_games/BrowserQuest/client/js/npcs.js",107,17,0,17,0,33,0,1,0,0,0,0,0,0,"0 16 1 16 0 0 0 0 0 0 0",3,"0 17 0 0 0 0 0 0 0 0 0",1
"BrowserQuest","/Users/keheliya/dev/top_games/BrowserQuest/client/js/pathfinder.js",101,9,0,9,0,13,0,1,0,0,0,0,0,0,"3 4 3 3 0 0 0 0 0 0 0",3,"2 4 2 0 0 1 0 0 0 0 0",5
"BrowserQuest","/Users/keheliya/dev/top_games/BrowserQuest/client/js/player.js",218,23,0,23,0,41,0,1,0,0,1,2,0,0,"13 23 5 0 0 0 0 0 0 0 0",2,"13 8 1 1 0 0 0 0 0 0 0",3
"BrowserQuest","/Users/keheliya/dev/top_games/BrowserQuest/client/js/renderer.js",784,59,0,59,0,172,0,1,0,0,0,0,0,0,"62 52 20 8 13 1 5 0 1 10 0",9,"25 19 6 3 1 2 2 0 1 0 0",8
"BrowserQuest","/Users/keheliya/dev/top_games/BrowserQuest/client/js/sprite.js",169,13,0,13,0,28,0,1,0,0,0,0,0,0,"2 14 5 2 3 2 0 0 0 0 0",5,"6 4 2 1 0 0 0 0 0 0 0",3
"BrowserQuest","/Users/keheliya/dev/top_games/BrowserQuest/client/js/sprites.js",83,2,0,2,0,3,0,1,0,0,0,0,0,0,"0 1 2 0 0 0 0 0 0 0 0",2,"1 1 0 0 0 0 0 0 0 0 0",1
"BrowserQuest","/Users/keheliya/dev/top_games/BrowserQuest/client/js/storage.js",169,26,0,26,0,27,0,1,0,0,0,0,0,0,"15 11 1 0 0 0 0 0 0 0 0",2,"17 8 0 1 0 0 0 0 0 0 0",3
"BrowserQuest","/Users/keheliya/dev/top_games/BrowserQuest/client/js/text.js",12,19,0,19,0,55,0,1,0,0,0,0,0,0,"7 28 15 1 2 2 0 0 0 0 0",5,"5 6 3 1 2 2 0 0 0 0 0",5
"BrowserQuest","/Users/keheliya/dev/top_games/BrowserQuest/client/js/tile.js",37,4,0,4,0,4,0,1,0,0,0,0,0,0,"1 3 0 0 0 0 0 0 0 0 0",1,"2 1 0 0 1 0 0 0 0 0 0",4
"BrowserQuest","/Users/keheliya/dev/top_games/BrowserQuest/client/js/timer.js",22,3,0,3,0,2,0,1,0,0,0,0,0,0,"0 2 0 0 0 0 0 0 0 0 0",1,"1 1 1 0 0 0 0 0 0 0 0",2
"BrowserQuest","/Users/keheliya/dev/top_games/BrowserQuest/client/js/transition.js",66,6,0,6,0,9,0,1,0,0,0,0,0,0,"2 6 0 0 0 0 1 0 0 0 0",6,"3 1 0 1 0 0 1 0 0 0 0",6
"BrowserQuest","/Users/keheliya/dev/top_games/BrowserQuest/client/js/updater.js",254,29,0,29,0,62,0,1,0,0,0,0,0,0,"31 20 5 0 1 0 5 0 0 0 0",6,"15 13 1 0 0 0 0 0 0 0 0",2
"BrowserQuest","/Users/keheliya/dev/top_games/BrowserQuest/client/js/util.js",25,5,0,5,0,4,0,0,0,0,0,0,0,0,"1 1 2 0 0 0 0 0 0 0 0",2,"2 2 1 0 0 0 0 0 0 0 0",2
"BrowserQuest","/Users/keheliya/dev/top_games/BrowserQuest/client/js/warrior.js",11,2,0,2,0,3,0,1,0,0,0,0,0,0,"0 1 1 1 0 0 0 0 0 0 0",3,"0 1 1 0 0 0 0 0 0 0 0",2
"BrowserQuest","/Users/keheliya/dev/top_games/BrowserQuest/server/js/area.js",71,9,0,9,0,19,4,0,0,0,0,0,0,0,"4 10 5 0 0 0 0 0 0 0 0",2,"3 5 0 0 0 0 1 0 0 0 0",6
"BrowserQuest","/Users/keheliya/dev/top_games/BrowserQuest/server/js/character.js",94,14,0,14,0,14,5,0,0,0,0,0,0,0,"2 11 0 0 0 1 0 0 0 0 0",5,"7 6 0 0 0 1 0 0 0 0 0",5
"BrowserQuest","/Users/keheliya/dev/top_games/BrowserQuest/server/js/checkpoint.js",23,2,0,2,0,7,4,0,0,0,0,0,0,0,"0 5 2 0 0 0 0 0 0 0 0",2,"1 0 0 0 0 1 0 0 0 0 0",5
"BrowserQuest","/Users/keheliya/dev/top_games/BrowserQuest/server/js/chest.js",23,3,0,3,0,6,2,0,0,0,0,0,0,0,"0 5 0 0 1 0 0 0 0 0 0",4,"1 1 0 1 0 0 0 0 0 0 0",3
"BrowserQuest","/Users/keheliya/dev/top_games/BrowserQuest/server/js/chestarea.js",24,2,0,2,0,5,3,0,0,0,0,0,0,0,"0 4 0 0 0 0 1 0 0 0 0",6,"0 1 0 0 0 0 0 0 0 1 0",9
"BrowserQuest","/Users/keheliya/dev/top_games/BrowserQuest/server/js/entity.js",66,8,0,8,0,8,3,0,0,0,0,0,0,0,"1 7 0 0 0 0 0 0 0 0 0",1,"5 1 1 0 0 1 0 0 0 0 0",5
"BrowserQuest","/Users/keheliya/dev/top_games/BrowserQuest/server/js/format.js",59,4,0,4,0,12,2,0,0,0,0,0,0,0,"2 9 1 0 0 0 0 0 0 0 0",2,"2 2 0 0 0 0 0 0 0 0 0",1
"BrowserQuest","/Users/keheliya/dev/top_games/BrowserQuest/server/js/formulas.js",26,2,0,2,0,4,1,0,0,0,0,0,0,0,"0 1 3 0 0 0 0 0 0 0 0",2,"0 1 1 0 0 0 0 0 0 0 0",2
"BrowserQuest","/Users/keheliya/dev/top_games/BrowserQuest/server/js/item.js",43,7,0,7,0,10,0,0,0,0,3,0,0,0,"2 4 3 0 0 1 0 0 0 0 0",5,"3 3 0 0 1 0 0 0 0 0 0",4
"BrowserQuest","/Users/keheliya/dev/top_games/BrowserQuest/server/js/lib/class.js",69,6,0,6,0,5,0,0,0,0,0,0,0,0,"0 2 3 0 0 0 0 0 0 0 0",2,"4 1 1 0 0 0 0 0 0 0 0",2
"BrowserQuest","/Users/keheliya/dev/top_games/BrowserQuest/server/js/main.js",143,24,3,21,0,55,6,0,0,1,0,1,0,0,"4 36 14 1 0 0 0 0 0 0 0",3,"6 15 2 1 0 0 0 0 0 0 0",3
"BrowserQuest","/Users/keheliya/dev/top_games/BrowserQuest/server/js/map.js",219,28,0,28,0,57,6,0,0,1,0,0,0,0,"3 29 25 0 0 0 0 0 0 0 0",2,"2 17 9 0 0 0 0 0 0 0 0",2
"BrowserQuest","/Users/keheliya/dev/top_games/BrowserQuest/server/js/message.js",211,34,0,34,0,27,4,0,0,0,0,0,0,0,"1 25 1 0 0 0 0 0 0 0 0",2,"17 9 8 0 0 0 0 0 0 0 0",2
"BrowserQuest","/Users/keheliya/dev/top_games/BrowserQuest/server/js/metrics.js",77,14,0,14,0,22,3,0,0,0,0,0,0,0,"2 11 6 3 0 0 0 0 0 0 0",3,"3 6 5 0 0 0 0 0 0 0 0",2
"BrowserQuest","/Users/keheliya/dev/top_games/BrowserQuest/server/js/mob.js",164,23,0,23,0,38,5,0,0,0,2,0,0,0,"8 18 10 0 1 1 0 0 0 0 0",5,"7 10 5 0 1 0 0 0 0 0 0",4
"BrowserQuest","/Users/keheliya/dev/top_games/BrowserQuest/server/js/mobarea.js",73,9,0,9,0,24,3,0,0,0,1,1,0,0,"6 13 4 0 0 0 1 0 0 0 0",6,"5 2 1 0 0 0 0 0 1 0 0",8
"BrowserQuest","/Users/keheliya/dev/top_games/BrowserQuest/server/js/npc.js",6,1,0,1,0,2,0,0,0,0,0,0,0,0,"0 1 0 0 0 1 0 0 0 0 0",5,"0 0 0 0 1 0 0 0 0 0 0",4
"BrowserQuest","/Users/keheliya/dev/top_games/BrowserQuest/server/js/player.js",383,32,0,32,0,128,8,0,0,0,2,0,0,0,"20 82 22 3 0 0 1 0 0 0 0",6,"8 21 3 0 0 0 0 0 0 0 0",2
"BrowserQuest","/Users/keheliya/dev/top_games/BrowserQuest/server/js/properties.js",183,3,0,3,0,12,1,0,0,0,0,0,0,0,"0 12 0 0 0 0 0 0 0 0 0",1,"0 3 0 0 0 0 0 0 0 0 0",1
"BrowserQuest","/Users/keheliya/dev/top_games/BrowserQuest/server/js/utils.js",68,8,0,8,0,14,2,0,0,0,0,0,0,0,"3 11 0 0 0 0 0 0 0 0 0",1,"1 2 3 1 1 0 0 0 0 0 0",4
"BrowserQuest","/Users/keheliya/dev/top_games/BrowserQuest/server/js/worldserver.js",857,105,0,105,0,258,17,0,0,0,0,1,0,0,"29 156 58 15 0 0 0 0 0 0 0",3,"16 65 14 10 0 0 0 0 0 0 0",3
"BrowserQuest","/Users/keheliya/dev/top_games/BrowserQuest/server/js/ws.js",295,34,0,34,0,72,9,0,0,0,0,0,0,0,"12 49 9 2 0 0 0 0 0 0 0",3,"2 27 1 4 0 0 0 0 0 0 0",3
"BrowserQuest","/Users/keheliya/dev/top_games/BrowserQuest/shared/js/gametypes.js",317,27,0,27,0,34,0,0,0,0,0,0,0,0,"1 24 9 0 0 0 0 0 0 0 0",2,"0 23 4 0 0 0 0 0 0 0 0",2
"BrowserQuest","/Users/keheliya/dev/top_games/BrowserQuest/tools/maps/exportmap.js",62,0,0,0,0,0,0,0,0,0,0,0,0,0,"0 0 0 0 0 0 0 0 0 0 0",0,"0 0 0 0 0 0 0 0 0 0 0",0
"BrowserQuest","/Users/keheliya/dev/top_games/BrowserQuest/tools/maps/processmap.js",303,13,0,13,2,44,3,0,0,0,0,0,0,0,"0 32 12 0 0 0 0 0 0 0 0",2,"0 11 2 0 0 0 0 0 0 0 0",2
"adarkroom","/Users/keheliya/dev/top_games/adarkroom/lang/langs.js",15,0,0,0,0,0,0,0,0,0,0,0,0,0,"0 0 0 0 0 0 0 0 0 0 0",0,"0 0 0 0 0 0 0 0 0 0 0",0
"adarkroom","/Users/keheliya/dev/top_games/adarkroom/lib/base64.js",142,4,0,4,0,38,0,0,0,0,0,0,0,0,"0 36 2 0 0 0 0 0 0 0 0",2,"0 4 0 0 0 0 0 0 0 0 0",1
"adarkroom","/Users/keheliya/dev/top_games/adarkroom/lib/icu.js",23,25,0,25,0,48,0,0,0,0,0,0,0,0,"30 16 2 0 0 0 0 0 0 0 0",2,"11 14 0 0 0 0 0 0 0 0 0",1
"adarkroom","/Users/keheliya/dev/top_games/adarkroom/lib/jquery.event.move.js",581,53,33,20,0,83,0,1,0,0,1,0,0,0,"20 12 14 22 12 2 1 0 0 0 0",6,"15 27 5 3 2 0 1 0 0 0 0",6
"adarkroom","/Users/keheliya/dev/top_games/adarkroom/lib/jquery.event.swipe.js",130,7,2,5,0,14,0,1,0,0,0,0,0,0,"0 4 6 4 0 0 0 0 0 0 0",3,"1 3 1 2 0 0 0 0 0 0 0",3
"adarkroom","/Users/keheliya/dev/top_games/adarkroom/lib/translate.js",87,10,1,9,0,10,0,0,0,0,0,0,0,0,"2 2 6 0 0 0 0 0 0 0 0",2,"3 5 2 0 0 0 0 0 0 0 0",2
"adarkroom","/Users/keheliya/dev/top_games/adarkroom/script/Button.js",86,8,0,8,0,57,0,0,0,0,0,0,0,0,"2 41 13 0 1 0 0 0 0 0 0",4,"3 4 1 0 0 0 0 0 0 0 0",2
"adarkroom","/Users/keheliya/dev/top_games/adarkroom/script/dropbox.js",362,28,0,28,0,84,0,0,0,0,0,0,0,0,"13 57 13 0 1 0 0 0 0 0 0",4,"13 8 6 0 1 0 0 0 0 0 0",4
"adarkroom","/Users/keheliya/dev/top_games/adarkroom/script/engine.js",717,48,2,46,0,281,0,0,0,0,0,0,0,0,"33 209 32 6 1 0 0 0 0 0 0",4,"25 19 4 0 0 0 0 0 0 0 0",2
"adarkroom","/Users/keheliya/dev/top_games/adarkroom/script/events/encounters.js",401,10,0,10,0,64,0,0,0,0,0,0,0,0,"24 40 0 0 0 0 0 0 0 0 0",1,"10 0 0 0 0 0 0 0 0 0 0",0
"adarkroom","/Users/keheliya/dev/top_games/adarkroom/script/events/global.js",67,3,0,3,0,21,0,0,0,0,0,0,0,0,"0 18 3 0 0 0 0 0 0 0 0",2,"3 0 0 0 0 0 0 0 0 0 0",0
"adarkroom","/Users/keheliya/dev/top_games/adarkroom/script/events/outside.js",248,11,0,11,0,76,0,0,0,0,0,0,0,0,"8 58 10 0 0 0 0 0 0 0 0",2,"11 0 0 0 0 0 0 0 0 0 0",0
"adarkroom","/Users/keheliya/dev/top_games/adarkroom/script/events/room.js",603,32,0,32,0,169,0,0,0,0,4,0,0,0,"4 141 24 0 0 0 0 0 0 0 0",2,"32 0 0 0 0 0 0 0 0 0 0",0
"adarkroom","/Users/keheliya/dev/top_games/adarkroom/script/events/setpieces.js",3575,36,0,36,0,473,0,0,0,0,0,0,0,0,"31 415 27 0 0 0 0 0 0 0 0",2,"36 0 0 0 0 0 0 0 0 0 0",0
"adarkroom","/Users/keheliya/dev/top_games/adarkroom/script/events.js",853,49,0,49,0,405,0,0,0,0,7,1,0,0,"99 206 87 8 5 0 0 0 0 0 0",4,"28 16 2 3 0 0 0 0 0 0 0",3
"adarkroom","/Users/keheliya/dev/top_games/adarkroom/script/header.js",28,4,0,4,0,11,0,0,0,0,0,0,0,0,"1 8 2 0 0 0 0 0 0 0 0",2,"2 1 0 1 0 0 0 0 0 0 0",3
"adarkroom","/Users/keheliya/dev/top_games/adarkroom/script/localization.js",85,1,0,1,0,78,0,0,0,0,0,0,0,0,"1 77 0 0 0 0 0 0 0 0 0",1,"1 0 0 0 0 0 0 0 0 0 0",0
"adarkroom","/Users/keheliya/dev/top_games/adarkroom/script/notifications.js",79,7,0,7,0,30,0,0,0,0,0,0,0,0,"6 20 3 0 1 0 0 0 0 0 0",4,"3 3 0 1 0 0 0 0 0 0 0",3
"adarkroom","/Users/keheliya/dev/top_games/adarkroom/script/outside.js",616,22,0,22,0,318,0,0,0,0,1,0,0,0,"31 202 79 6 0 0 0 0 0 0 0",3,"10 10 1 1 0 0 0 0 0 0 0",3
"adarkroom","/Users/keheliya/dev/top_games/adarkroom/script/path.js",314,15,0,15,0,249,0,0,0,0,0,0,0,0,"21 172 53 3 0 0 0 0 0 0 0",3,"6 8 0 1 0 0 0 0 0 0 0",3
"adarkroom","/Users/keheliya/dev/top_games/adarkroom/script/prestige.js",104,7,0,7,0,24,0,0,0,0,0,0,0,0,"5 12 7 0 0 0 0 0 0 0 0",2,"3 4 0 0 0 0 0 0 0 0 0",1
"adarkroom","/Users/keheliya/dev/top_games/adarkroom/script/room.js",1121,61,0,61,0,447,0,0,0,0,11,0,0,0,"45 279 111 12 0 0 0 0 0 0 0",3,"49 11 1 0 0 0 0 0 0 0 0",2
"adarkroom","/Users/keheliya/dev/top_games/adarkroom/script/scoring.js",50,4,0,4,0,9,0,0,0,0,0,0,0,0,"3 2 4 0 0 0 0 0 0 0 0",2,"3 1 0 0 0 0 0 0 0 0 0",1
"adarkroom","/Users/keheliya/dev/top_games/adarkroom/script/ship.js",174,11,0,11,0,95,0,0,0,0,0,0,0,0,"6 64 24 1 0 0 0 0 0 0 0",3,"8 3 0 0 0 0 0 0 0 0 0",1
"adarkroom","/Users/keheliya/dev/top_games/adarkroom/script/space.js",506,31,0,31,0,266,0,0,0,0,5,2,0,0,"45 162 48 8 3 0 0 0 0 0 0",4,"23 7 0 1 0 0 0 0 0 0 0",3
"adarkroom","/Users/keheliya/dev/top_games/adarkroom/script/state_manager.js",421,22,0,22,0,144,0,0,0,0,1,0,0,0,"5 81 49 8 1 0 0 0 0 0 0",4,"3 8 6 5 0 0 0 0 0 0 0",3
"adarkroom","/Users/keheliya/dev/top_games/adarkroom/script/world.js",950,53,0,53,0,314,0,0,0,0,1,0,0,0,"65 167 70 8 4 0 0 0 0 0 0",4,"28 15 6 2 2 0 0 0 0 0 0",4
"clumsy-bird","/Users/keheliya/dev/top_games/clumsy-bird/Gruntfile.js",84,1,0,1,0,8,0,0,0,0,0,0,0,0,"0 6 2 0 0 0 0 0 0 0 0",2,"0 1 0 0 0 0 0 0 0 0 0",1
"clumsy-bird","/Users/keheliya/dev/top_games/clumsy-bird/build/clumsy.js",671,42,0,42,0,200,0,0,0,0,0,0,0,0,"35 93 44 21 5 1 1 0 0 0 0",6,"22 10 7 3 0 0 0 0 0 0 0",3
"clumsy-bird","/Users/keheliya/dev/top_games/clumsy-bird/js/entities/HUD.js",127,10,0,10,0,19,0,0,0,0,0,0,0,0,"4 9 0 4 1 0 1 0 0 0 0",6,"3 3 3 1 0 0 0 0 0 0 0",3
"clumsy-bird","/Users/keheliya/dev/top_games/clumsy-bird/js/entities/entities.js",224,12,0,12,0,61,0,0,0,0,0,0,0,0,"10 36 10 5 0 0 0 0 0 0 0",3,"4 4 4 0 0 0 0 0 0 0 0",2
"clumsy-bird","/Users/keheliya/dev/top_games/clumsy-bird/js/game.js",40,2,0,2,0,17,0,0,0,0,0,0,0,0,"0 7 4 4 1 1 0 0 0 0 0",5,"2 0 0 0 0 0 0 0 0 0 0",0
"clumsy-bird","/Users/keheliya/dev/top_games/clumsy-bird/js/resources.js",20,0,0,0,0,0,0,0,0,0,0,0,0,0,"0 0 0 0 0 0 0 0 0 0 0",0,"0 0 0 0 0 0 0 0 0 0 0",0
"clumsy-bird","/Users/keheliya/dev/top_games/clumsy-bird/js/screens/gameover.js",125,7,0,7,0,46,0,0,0,0,0,0,0,0,"11 17 13 3 2 0 0 0 0 0 0",4,"4 2 0 1 0 0 0 0 0 0 0",3
"clumsy-bird","/Users/keheliya/dev/top_games/clumsy-bird/js/screens/play.js",64,4,0,4,0,30,0,0,0,0,0,0,0,0,"6 13 9 2 0 0 0 0 0 0 0",3,"4 0 0 0 0 0 0 0 0 0 0",0
"clumsy-bird","/Users/keheliya/dev/top_games/clumsy-bird/js/screens/title.js",71,7,0,7,0,27,0,0,0,0,0,0,0,0,"4 11 8 3 1 0 0 0 0 0 0",4,"5 1 0 1 0 0 0 0 0 0 0",3
"clumsy-bird","/Users/keheliya/dev/top_games/clumsy-bird/lib/melonJS-1.0.2.js",19154,811,31,780,5,1770,0,2,0,0,8,0,0,0,"431 683 448 137 35 10 17 1 0 8 0",9,"303 294 126 51 24 7 5 0 0 1 0",9
"hextris","/Users/keheliya/dev/top_games/hextris/js_v9/Block.js",199,5,2,3,0,39,0,0,0,0,0,0,0,0,"9 11 11 8 0 0 0 0 0 0 0",3,"2 1 1 0 0 1 0 0 0 0 0",5
"hextris","/Users/keheliya/dev/top_games/hextris/js_v9/Hex.js",171,9,2,7,0,24,0,0,0,0,0,0,0,0,"3 19 1 0 0 0 0 0 1 0 0",8,"1 7 0 1 0 0 0 0 0 0 0",3
"hextris","/Users/keheliya/dev/top_games/hextris/js_v9/Text.js",28,3,2,1,0,4,0,0,0,0,0,0,0,0,"0 1 2 0 0 1 0 0 0 0 0",5,"1 1 0 0 0 0 1 0 0 0 0",6
"hextris","/Users/keheliya/dev/top_games/hextris/js_v9/checking.js",88,3,3,0,0,15,0,0,0,0,0,0,0,0,"2 10 1 0 2 0 0 0 0 0 0",4,"0 0 1 1 1 0 0 0 0 0 0",4
"hextris","/Users/keheliya/dev/top_games/hextris/js_v9/comboTimer.js",72,3,3,0,0,21,0,0,0,0,0,0,0,0,"5 8 4 0 4 0 0 0 0 0 0",4,"1 1 0 0 1 0 0 0 0 0 0",4
"hextris","/Users/keheliya/dev/top_games/hextris/js_v9/initialization.js",322,19,9,10,0,83,0,0,0,0,3,0,0,0,"15 34 16 17 0 1 0 0 0 0 0",5,"10 8 0 0 0 0 0 1 0 0 0",7
"hextris","/Users/keheliya/dev/top_games/hextris/js_v9/input.js",224,22,6,16,0,49,0,0,0,0,1,0,0,0,"9 33 7 0 0 0 0 0 0 0 0",2,"19 1 2 0 0 0 0 0 0 0 0",2
"hextris","/Users/keheliya/dev/top_games/hextris/js_v9/main.js",340,21,14,7,0,159,0,0,0,0,4,0,0,0,"49 89 21 0 0 0 0 0 0 0 0",2,"15 5 0 0 0 1 0 0 0 0 0",5
"hextris","/Users/keheliya/dev/top_games/hextris/js_v9/math.js",15,2,2,0,0,6,0,0,0,0,0,0,0,0,"1 5 0 0 0 0 0 0 0 0 0",1,"0 0 1 1 0 0 0 0 0 0 0",3
"hextris","/Users/keheliya/dev/top_games/hextris/js_v9/render.js",115,3,3,0,0,40,0,0,0,0,0,0,0,0,"11 4 8 5 3 0 8 0 1 0 0",8,"2 0 0 1 0 0 0 0 0 0 0",3
"hextris","/Users/keheliya/dev/top_games/hextris/js_v9/save-state.js",64,7,5,2,0,20,0,0,0,0,0,0,0,0,"0 10 6 4 0 0 0 0 0 0 0",3,"4 2 1 0 0 0 0 0 0 0 0",2
"hextris","/Users/keheliya/dev/top_games/hextris/js_v9/update.js",74,1,1,0,0,8,0,0,0,0,0,0,0,0,"3 1 2 2 0 0 0 0 0 0 0",3,"0 1 0 0 0 0 0 0 0 0 0",1
"hextris","/Users/keheliya/dev/top_games/hextris/js_v9/view.js",214,14,11,3,0,81,0,0,0,0,2,0,0,0,"14 42 13 3 0 6 2 0 1 0 0",8,"8 2 1 0 1 0 1 0 1 0 0",8
"hextris","/Users/keheliya/dev/top_games/hextris/js_v9/wavegen.js",202,12,2,10,0,38,0,0,0,0,0,0,0,0,"7 2 20 9 0 0 0 0 0 0 0",3,"10 2 0 0 0 0 0 0 0 0 0",1
"untrusted","/Users/keheliya/dev/top_games/untrusted/levels/intro.js",18,2,1,1,0,10,0,0,0,0,1,0,0,0,"2 0 2 6 0 0 0 0 0 0 0",3,"1 0 0 1 0 0 0 0 0 0 0",3
"untrusted","/Users/keheliya/dev/top_games/untrusted/lib/codemirror-3.1/addon/dialog/dialog.js",77,13,3,10,0,36,0,0,0,0,1,0,0,0,"12 12 3 9 0 0 0 0 0 0 0",3,"7 3 0 3 0 0 0 0 0 0 0",3
"untrusted","/Users/keheliya/dev/top_games/untrusted/lib/codemirror-3.1/addon/edit/closebrackets.js",30,6,2,4,0,16,0,0,0,0,0,0,0,0,"2 8 5 1 0 0 0 0 0 0 0",3,"1 3 1 1 0 0 0 0 0 0 0",3
"untrusted","/Users/keheliya/dev/top_games/untrusted/lib/codemirror-3.1/addon/edit/closetag.js",87,6,2,4,0,23,0,0,0,0,0,0,0,0,"4 8 10 1 0 0 0 0 0 0 0",3,"1 2 2 1 0 0 0 0 0 0 0",3
"untrusted","/Users/keheliya/dev/top_games/untrusted/lib/codemirror-3.1/addon/edit/continuecomment.js",37,2,0,2,0,19,0,0,0,0,0,0,0,0,"3 7 9 0 0 0 0 0 0 0 0",2,"1 1 0 0 0 0 0 0 0 0 0",1
"untrusted","/Users/keheliya/dev/top_games/untrusted/lib/codemirror-3.1/addon/edit/continuelist.js",29,2,0,2,0,11,0,0,0,0,0,0,0,0,"2 6 3 0 0 0 0 0 0 0 0",2,"1 1 0 0 0 0 0 0 0 0 0",1
"untrusted","/Users/keheliya/dev/top_games/untrusted/lib/codemirror-3.1/addon/edit/matchbrackets.js",75,11,4,7,0,49,0,0,0,0,1,0,0,0,"9 20 16 4 0 0 0 0 0 0 0",3,"6 2 2 1 0 0 0 0 0 0 0",3
"untrusted","/Users/keheliya/dev/top_games/untrusted/lib/codemirror-3.1/addon/fold/collapserange.js",69,7,4,3,0,32,0,0,0,0,0,0,0,0,"2 9 9 12 0 0 0 0 0 0 0",3,"2 2 0 3 0 0 0 0 0 0 0",3
"untrusted","/Users/keheliya/dev/top_games/untrusted/lib/codemirror-3.1/addon/fold/foldcode.js",184,6,0,6,0,58,0,0,0,0,0,0,0,0,"6 26 21 5 0 0 0 0 0 0 0",3,"1 0 5 0 0 0 0 0 0 0 0",2
"untrusted","/Users/keheliya/dev/top_games/untrusted/lib/codemirror-3.1/addon/format/formatting.js",115,11,1,10,0,52,0,0,0,0,0,0,0,0,"7 22 20 2 1 0 0 0 0 0 0",4,"5 0 3 1 2 0 0 0 0 0 0",4
"untrusted","/Users/keheliya/dev/top_games/untrusted/lib/codemirror-3.1/addon/hint/javascript-hint.js",141,11,7,4,0,48,0,0,0,0,0,0,0,0,"6 22 17 0 3 0 0 0 0 0 0",4,"1 2 6 0 2 0 0 0 0 0 0",4
"untrusted","/Users/keheliya/dev/top_games/untrusted/lib/codemirror-3.1/addon/hint/pig-hint.js",118,9,6,3,0,44,0,0,0,0,0,0,0,0,"8 22 13 1 0 0 0 0 0 0 0",3,"1 3 4 1 0 0 0 0 0 0 0",3
"untrusted","/Users/keheliya/dev/top_games/untrusted/lib/codemirror-3.1/addon/hint/python-hint.js",94,9,6,3,0,34,0,0,0,0,0,0,0,0,"7 17 9 1 0 0 0 0 0 0 0",3,"1 3 4 1 0 0 0 0 0 0 0",3
"untrusted","/Users/keheliya/dev/top_games/untrusted/lib/codemirror-3.1/addon/hint/show-hint.js",156,22,10,12,0,69,0,0,0,0,4,0,0,0,"21 26 17 5 0 0 0 0 0 0 0",3,"17 4 0 1 0 0 0 0 0 0 0",3
"untrusted","/Users/keheliya/dev/top_games/untrusted/lib/codemirror-3.1/addon/hint/simple-hint.js",103,10,4,6,0,43,0,0,0,0,3,0,0,0,"13 20 6 4 0 0 0 0 0 0 0",3,"6 3 0 1 0 0 0 0 0 0 0",3
"untrusted","/Users/keheliya/dev/top_games/untrusted/lib/codemirror-3.1/addon/hint/xml-hint.js",119,4,0,4,0,21,0,0,0,0,0,0,0,0,"2 13 6 0 0 0 0 0 0 0 0",2,"1 3 0 0 0 0 0 0 0 0 0",1
"untrusted","/Users/keheliya/dev/top_games/untrusted/lib/codemirror-3.1/addon/lint/javascript-lint.js",122,8,4,4,0,18,0,0,0,0,0,0,0,0,"2 10 4 1 1 0 0 0 0 0 0",4,"1 4 2 0 1 0 0 0 0 0 0",4
"untrusted","/Users/keheliya/dev/top_games/untrusted/lib/codemirror-3.1/addon/lint/json-lint.js",15,2,0,2,0,4,0,0,0,0,0,0,0,0,"0 2 2 0 0 0 0 0 0 0 0",2,"0 1 1 0 0 0 0 0 0 0 0",2
"untrusted","/Users/keheliya/dev/top_games/untrusted/lib/codemirror-3.1/addon/lint/lint.js",183,24,17,7,0,66,0,0,0,0,2,0,0,0,"6 37 10 13 0 0 0 0 0 0 0",3,"5 11 5 3 0 0 0 0 0 0 0",3
"untrusted","/Users/keheliya/dev/top_games/untrusted/lib/codemirror-3.1/addon/mode/loadmode.js",52,9,2,7,0,26,0,0,0,0,0,1,0,0,"5 12 9 0 0 0 0 0 0 0 0",2,"5 0 4 0 0 0 0 0 0 0 0",2
"untrusted","/Users/keheliya/dev/top_games/untrusted/lib/codemirror-3.1/addon/mode/multiplex.js",96,8,1,7,0,24,0,0,0,0,0,0,0,0,"1 8 13 2 0 0 0 0 0 0 0",3,"1 4 2 1 0 0 0 0 0 0 0",3
"untrusted","/Users/keheliya/dev/top_games/untrusted/lib/codemirror-3.1/addon/mode/overlay.js",60,7,0,7,0,11,0,0,0,0,0,0,0,0,"1 4 6 0 0 0 0 0 0 0 0",2,"1 3 2 1 0 0 0 0 0 0 0",3
"untrusted","/Users/keheliya/dev/top_games/untrusted/lib/codemirror-3.1/addon/runmode/colorize.js",30,3,1,2,0,10,0,0,0,0,0,0,0,0,"1 6 2 1 0 0 0 0 0 0 0",3,"1 0 2 0 0 0 0 0 0 0 0",2
"untrusted","/Users/keheliya/dev/top_games/untrusted/lib/codemirror-3.1/addon/runmode/runmode-standalone.js",131,23,2,21,0,40,0,0,0,0,0,0,0,0,"3 26 10 0 1 0 0 0 0 0 0",4,"9 7 4 2 1 0 0 0 0 0 0",4
"untrusted","/Users/keheliya/dev/top_games/untrusted/lib/codemirror-3.1/addon/runmode/runmode.js",53,2,0,2,0,20,0,0,0,0,0,0,0,0,"2 12 5 0 1 0 0 0 0 0 0",4,"0 0 1 0 1 0 0 0 0 0 0",4
"untrusted","/Users/keheliya/dev/top_games/untrusted/lib/codemirror-3.1/addon/runmode/runmode.node.js",90,22,2,20,0,28,0,0,0,0,0,0,0,0,"3 17 7 0 1 0 0 0 0 0 0",4,"9 7 3 3 0 0 0 0 0 0 0",3
"untrusted","/Users/keheliya/dev/top_games/untrusted/lib/codemirror-3.1/addon/search/match-highlighter.js",61,7,3,4,0,17,0,0,0,0,0,0,0,0,"5 7 4 1 0 0 0 0 0 0 0",3,"2 3 1 1 0 0 0 0 0 0 0",3
"untrusted","/Users/keheliya/dev/top_games/untrusted/lib/codemirror-3.1/addon/search/search.js",132,29,11,18,0,83,0,0,0,0,0,0,0,0,"27 32 16 4 4 0 0 0 0 0 0",4,"8 13 5 1 2 0 0 0 0 0 0",4
"untrusted","/Users/keheliya/dev/top_games/untrusted/lib/codemirror-3.1/addon/search/searchcursor.js",132,16,2,14,0,48,0,0,0,0,0,0,0,0,"5 25 17 1 0 0 0 0 0 0 0",3,"6 5 3 1 1 0 0 0 0 0 0",4
"untrusted","/Users/keheliya/dev/top_games/untrusted/lib/codemirror-3.1/addon/selection/active-line.js",40,4,2,2,0,13,0,0,0,0,0,0,0,0,"2 4 2 5 0 0 0 0 0 0 0",3,"1 2 0 1 0 0 0 0 0 0 0",3
"untrusted","/Users/keheliya/dev/top_games/untrusted/lib/codemirror-3.1/addon/selection/mark-selection.js",35,4,2,2,0,12,0,0,0,0,0,0,0,0,"3 5 2 2 0 0 0 0 0 0 0",3,"1 2 0 1 0 0 0 0 0 0 0",3
"untrusted","/Users/keheliya/dev/top_games/untrusted/lib/codemirror-3.1/keymap/emacs.js",31,10,3,7,0,18,0,0,0,0,0,0,0,0,"9 8 1 0 0 0 0 0 0 0 0",2,"3 7 0 0 0 0 0 0 0 0 0",1
"untrusted","/Users/keheliya/dev/top_games/untrusted/lib/codemirror-3.1/keymap/vim.js",2590,173,72,101,0,577,0,0,0,0,0,0,0,0,"121 234 144 53 18 6 1 0 0 0 0",6,"27 40 53 37 6 8 2 0 0 0 0",6
"untrusted","/Users/keheliya/dev/top_games/untrusted/lib/codemirror-3.1/lib/codemirror.js",5385,533,249,284,0,1782,0,0,0,0,22,1,0,0,"104 658 667 222 97 33 1 0 0 0 0",6,"97 229 110 52 29 16 0 0 0 0 0",5
"untrusted","/Users/keheliya/dev/top_games/untrusted/lib/codemirror-3.1/mode/apl/apl.js",161,5,0,5,0,21,0,0,0,0,0,0,0,0,"7 12 2 0 0 0 0 0 0 0 0",2,"2 2 1 0 0 0 0 0 0 0 0",2
"untrusted","/Users/keheliya/dev/top_games/untrusted/lib/codemirror-3.1/mode/asterisk/asterisk.js",184,4,1,3,0,34,0,0,0,0,0,0,0,0,"14 17 3 0 0 0 0 0 0 0 0",2,"2 0 2 0 0 0 0 0 0 0 0",2
"untrusted","/Users/keheliya/dev/top_games/untrusted/lib/codemirror-3.1/mode/clike/clike.js",303,19,10,9,0,76,0,0,0,0,0,0,0,0,"17 43 12 4 0 0 0 0 0 0 0",3,"1 6 10 1 0 1 0 0 0 0 0",5
"untrusted","/Users/keheliya/dev/top_games/untrusted/lib/codemirror-3.1/mode/clojure/clojure.js",207,9,5,4,0,53,0,0,0,0,0,0,0,0,"19 28 3 3 0 0 0 0 0 0 0",3,"2 3 2 2 0 0 0 0 0 0 0",3
"untrusted","/Users/keheliya/dev/top_games/untrusted/lib/codemirror-3.1/mode/coffeescript/coffeescript.js",347,12,7,5,0,87,0,0,0,0,0,0,0,0,"28 39 19 1 0 0 0 0 0 0 0",3,"0 4 7 1 0 0 0 0 0 0 0",3
"untrusted","/Users/keheliya/dev/top_games/untrusted/lib/codemirror-3.1/mode/commonlisp/commonlisp.js",102,8,4,4,0,34,0,0,0,0,0,0,0,0,"16 13 5 0 0 0 0 0 0 0 0",2,"1 2 5 0 0 0 0 0 0 0 0",2
"untrusted","/Users/keheliya/dev/top_games/untrusted/lib/codemirror-3.1/mode/css/css.js",466,12,7,5,0,95,0,0,0,0,0,0,0,0,"34 35 26 0 0 0 0 0 0 0 0",2,"0 3 9 0 0 0 0 0 0 0 0",2
"untrusted","/Users/keheliya/dev/top_games/untrusted/lib/codemirror-3.1/mode/css/test.js",107,2,1,1,0,34,0,0,0,0,0,0,0,0,"1 0 32 1 0 0 0 0 0 0 0",3,"1 1 0 0 0 0 0 0 0 0 0",1
"untrusted","/Users/keheliya/dev/top_games/untrusted/lib/codemirror-3.1/mode/d/d.js",206,15,8,7,0,52,0,0,0,0,0,0,0,0,"14 27 7 4 0 0 0 0 0 0 0",3,"1 4 8 1 0 1 0 0 0 0 0",5
"untrusted","/Users/keheliya/dev/top_games/untrusted/lib/codemirror-3.1/mode/diff/diff.js",33,2,0,2,0,10,0,0,0,0,0,0,0,0,"5 2 3 0 0 0 0 0 0 0 0",2,"1 1 0 0 0 0 0 0 0 0 0",1
"untrusted","/Users/keheliya/dev/top_games/untrusted/lib/codemirror-3.1/mode/ecl/ecl.js",193,13,8,5,0,62,0,0,0,0,0,0,0,0,"14 37 7 4 0 0 0 0 0 0 0",3,"0 5 6 1 0 1 0 0 0 0 0",5
"untrusted","/Users/keheliya/dev/top_games/untrusted/lib/codemirror-3.1/mode/erlang/erlang.js",464,21,17,4,0,141,0,0,0,0,0,0,0,0,"35 43 29 34 0 0 0 0 0 0 0",3,"1 5 11 4 0 0 0 0 0 0 0",3
"untrusted","/Users/keheliya/dev/top_games/untrusted/lib/codemirror-3.1/mode/gfm/gfm.js",96,5,1,4,0,20,0,0,0,0,0,0,0,0,"10 6 3 1 0 0 0 0 0 0 0",3,"1 3 1 0 0 0 0 0 0 0 0",2
"untrusted","/Users/keheliya/dev/top_games/untrusted/lib/codemirror-3.1/mode/gfm/test.js",85,2,1,1,0,26,0,0,0,0,0,0,0,0,"1 0 20 1 1 0 3 0 0 0 0",6,"1 1 0 0 0 0 0 0 0 0 0",1
"untrusted","/Users/keheliya/dev/top_games/untrusted/lib/codemirror-3.1/mode/go/go.js",166,11,6,5,0,37,0,0,0,0,0,0,0,0,"11 18 5 3 0 0 0 0 0 0 0",3,"0 4 5 1 0 1 0 0 0 0 0",5
"untrusted","/Users/keheliya/dev/top_games/untrusted/lib/codemirror-3.1/mode/groovy/groovy.js",211,15,11,4,0,71,0,0,0,0,0,0,0,0,"18 40 7 6 0 0 0 0 0 0 0",3,"1 5 6 2 0 1 0 0 0 0 0",5
"untrusted","/Users/keheliya/dev/top_games/untrusted/lib/codemirror-3.1/mode/haskell/haskell.js",243,14,6,8,0,71,0,0,0,0,0,0,0,0,"13 44 6 3 0 0 0 0 0 0 0 1            2                 1                                                                                                                                     1",173,"4 3 6 1 0 0 0 0 0 0 0",3
"untrusted","/Users/keheliya/dev/top_games/untrusted/lib/codemirror-3.1/mode/haxe/haxe.js",430,53,44,9,0,218,0,0,0,0,0,0,0,0,"33 123 36 10 7 4 0 3 2 0 0",8,"7 22 20 2 0 1 1 0 0 0 0",6
"untrusted","/Users/keheliya/dev/top_games/untrusted/lib/codemirror-3.1/mode/htmlembedded/htmlembedded.js",74,8,2,6,0,20,0,0,0,0,0,0,0,0,"0 2 17 1 0 0 0 0 0 0 0",3,"1 2 5 0 0 0 0 0 0 0 0",2
"untrusted","/Users/keheliya/dev/top_games/untrusted/lib/codemirror-3.1/mode/htmlmixed/htmlmixed.js",105,10,4,6,0,48,0,0,0,0,0,0,0,0,"4 17 24 2 0 1 0 0 0 0 0",5,"1 2 6 1 0 0 0 0 0 0 0",3
"untrusted","/Users/keheliya/dev/top_games/untrusted/lib/codemirror-3.1/mode/http/http.js",99,12,8,4,0,23,0,0,0,0,0,0,0,0,"8 9 6 0 0 0 0 0 0 0 0",2,"2 3 7 0 0 0 0 0 0 0 0",2
"untrusted","/Users/keheliya/dev/top_games/untrusted/lib/codemirror-3.1/mode/javascript/javascript.js",427,48,39,9,0,202,0,0,0,0,0,0,0,0,"30 109 38 12 6 3 1 1 2 0 0",8,"7 20 17 2 0 1 1 0 0 0 0",6
"untrusted","/Users/keheliya/dev/top_games/untrusted/lib/codemirror-3.1/mode/jinja2/jinja2.js",43,6,2,4,0,11,0,0,0,0,0,0,0,0,"2 7 2 0 0 0 0 0 0 0 0",2,"2 1 3 0 0 0 0 0 0 0 0",2
"untrusted","/Users/keheliya/dev/top_games/untrusted/lib/codemirror-3.1/mode/less/less.js",266,12,7,5,0,179,0,0,0,0,0,0,0,0,"65 52 62 0 0 0 0 0 0 0 0",2,"0 4 8 0 0 0 0 0 0 0 0",2
"untrusted","/Users/keheliya/dev/top_games/untrusted/lib/codemirror-3.1/mode/lua/lua.js",141,12,6,6,0,42,0,0,0,0,0,0,0,0,"7 27 8 0 0 0 0 0 0 0 0",2,"0 5 7 0 0 0 0 0 0 0 0",2
"untrusted","/Users/keheliya/dev/top_games/untrusted/lib/codemirror-3.1/mode/markdown/markdown.js",476,21,14,7,0,112,0,0,0,0,0,0,0,0,"18 48 37 9 0 0 0 0 0 0 0",3,"2 5 11 3 0 0 0 0 0 0 0",3
"untrusted","/Users/keheliya/dev/top_games/untrusted/lib/codemirror-3.1/mode/markdown/test.js",580,2,1,1,0,120,0,0,0,0,0,0,0,0,"1 0 76 15 7 7 9 0 5 0 0",8,"1 1 0 0 0 0 0 0 0 0 0",1
"untrusted","/Users/keheliya/dev/top_games/untrusted/lib/codemirror-3.1/mode/meta.js",73,0,0,0,0,0,0,0,0,0,0,0,0,0,"0 0 0 0 0 0 0 0 0 0 0",0,"0 0 0 0 0 0 0 0 0 0 0",0
"untrusted","/Users/keheliya/dev/top_games/untrusted/lib/codemirror-3.1/mode/mysql/mysql.js",204,13,7,6,0,54,0,0,0,0,0,0,0,0,"15 28 7 4 0 0 0 0 0 0 0",3,"1 5 6 1 0 0 0 0 0 0 0",3
"untrusted","/Users/keheliya/dev/top_games/untrusted/lib/codemirror-3.1/mode/ntriples/ntriples.js",171,10,1,9,0,36,0,0,0,0,0,0,0,0,"9 11 16 0 0 0 0 0 0 0 0",2,"2 6 2 0 0 0 0 0 0 0 0",2
"untrusted","/Users/keheliya/dev/top_games/untrusted/lib/codemirror-3.1/mode/ocaml/ocaml.js",114,6,3,3,0,19,0,0,0,0,0,0,0,0,"5 9 5 0 0 0 0 0 0 0 0",2,"2 0 4 0 0 0 0 0 0 0 0",2
"untrusted","/Users/keheliya/dev/top_games/untrusted/lib/codemirror-3.1/mode/pascal/pascal.js",95,8,4,4,0,25,0,0,0,0,0,0,0,0,"7 13 5 0 0 0 0 0 0 0 0",2,"2 2 4 0 0 0 0 0 0 0 0",2
"untrusted","/Users/keheliya/dev/top_games/untrusted/lib/codemirror-3.1/mode/perl/perl.js",817,13,3,10,0,181,0,0,0,0,0,0,0,0,"14 102 10 3 20 32 0 0 0 0 0",5,"2 5 4 1 0 1 0 0 0 0 0",5
"untrusted","/Users/keheliya/dev/top_games/untrusted/lib/codemirror-3.1/mode/php/php.js",130,14,3,11,0,48,0,0,0,0,0,0,0,0,"11 22 14 0 1 0 0 0 0 0 0",4,"2 7 5 0 0 0 0 0 0 0 0",2
"untrusted","/Users/keheliya/dev/top_games/untrusted/lib/codemirror-3.1/mode/pig/pig.js",172,11,6,5,0,47,0,0,0,0,0,0,0,0,"12 21 12 2 0 0 0 0 0 0 0",3,"2 2 6 1 0 0 0 0 0 0 0",3
"untrusted","/Users/keheliya/dev/top_games/untrusted/lib/codemirror-3.1/mode/plsql/plsql.js",217,11,6,5,0,55,0,0,0,0,0,0,0,0,"14 22 17 2 0 0 0 0 0 0 0",3,"2 2 6 1 0 0 0 0 0 0 0",3
"untrusted","/Users/keheliya/dev/top_games/untrusted/lib/codemirror-3.1/mode/properties/properties.js",64,3,0,3,0,11,0,0,0,0,0,0,0,0,"6 2 3 0 0 0 0 0 0 0 0",2,"2 0 1 0 0 0 0 0 0 0 0",2
"untrusted","/Users/keheliya/dev/top_games/untrusted/lib/codemirror-3.1/mode/python/python.js",341,11,7,4,0,78,0,0,0,0,0,0,0,0,"23 40 13 2 0 0 0 0 0 0 0",3,"0 4 5 2 0 0 0 0 0 0 0",3
"untrusted","/Users/keheliya/dev/top_games/untrusted/lib/codemirror-3.1/mode/q/q.js",125,12,8,4,0,72,0,0,0,0,0,0,0,0,"27 34 7 4 0 0 0 0 0 0 0",3,"1 4 6 1 0 0 0 0 0 0 0",3
"untrusted","/Users/keheliya/dev/top_games/untrusted/lib/codemirror-3.1/mode/r/r.js",142,10,5,5,0,54,0,0,0,0,0,0,0,0,"11 36 3 4 0 0 0 0 0 0 0",3,"1 4 4 1 0 0 0 0 0 0 0",3
"untrusted","/Users/keheliya/dev/top_games/untrusted/lib/codemirror-3.1/mode/rpm/changes/changes.js",20,2,0,2,0,7,0,0,0,0,0,0,0,0,"2 3 2 0 0 0 0 0 0 0 0",2,"1 1 0 0 0 0 0 0 0 0 0",1
"untrusted","/Users/keheliya/dev/top_games/untrusted/lib/codemirror-3.1/mode/rpm/spec/spec.js",67,3,0,3,0,21,0,0,0,0,0,0,0,0,"5 14 2 0 0 0 0 0 0 0 0",2,"2 0 1 0 0 0 0 0 0 0 0",2
"untrusted","/Users/keheliya/dev/top_games/untrusted/lib/codemirror-3.1/mode/rst/rst.js",315,20,16,4,0,87,0,0,0,0,0,0,0,0,"24 32 21 10 0 0 0 0 0 0 0",3,"1 7 10 2 0 0 0 0 0 0 0",3
"untrusted","/Users/keheliya/dev/top_games/untrusted/lib/codemirror-3.1/mode/ruby/ruby.js",196,14,7,7,0,91,0,0,0,0,0,0,0,0,"27 49 6 8 1 0 0 0 0 0 0",4,"2 3 7 1 1 0 0 0 0 0 0",4
"untrusted","/Users/keheliya/dev/top_games/untrusted/lib/codemirror-3.1/mode/rust/rust.js",433,54,46,8,0,248,0,0,0,0,0,0,0,0,"47 117 56 16 8 4 0 0 0 0 0",5,"12 31 10 1 0 0 0 0 0 0 0",3
"untrusted","/Users/keheliya/dev/top_games/untrusted/lib/codemirror-3.1/mode/sass/sass.js",350,16,2,14,0,86,0,0,0,0,0,0,0,0,"37 41 8 0 0 0 0 0 0 0 0",2,"1 7 8 0 0 0 0 0 0 0 0",2
"untrusted","/Users/keheliya/dev/top_games/untrusted/lib/codemirror-3.1/mode/scheme/scheme.js",231,12,8,4,0,51,0,0,0,0,0,0,0,0,"16 28 4 3 0 0 0 0 0 0 0",3,"2 6 2 2 0 0 0 0 0 0 0",3
"untrusted","/Users/keheliya/dev/top_games/untrusted/lib/codemirror-3.1/mode/shell/shell.js",119,9,4,5,0,42,0,3,0,0,0,0,0,0,"12 20 10 0 0 0 0 0 0 0 0",2,"2 1 6 0 0 0 0 0 0 0 0",2
"untrusted","/Users/keheliya/dev/top_games/untrusted/lib/codemirror-3.1/mode/sieve/sieve.js",184,10,5,5,0,39,0,0,0,0,0,0,0,0,"16 18 5 0 0 0 0 0 0 0 0",2,"0 4 6 0 0 0 0 0 0 0 0",2
"untrusted","/Users/keheliya/dev/top_games/untrusted/lib/codemirror-3.1/mode/smalltalk/smalltalk.js",139,13,0,13,0,30,0,0,0,0,0,0,0,0,"5 19 5 1 0 0 0 0 0 0 0",3,"2 3 6 2 0 0 0 0 0 0 0",3
"untrusted","/Users/keheliya/dev/top_games/untrusted/lib/codemirror-3.1/mode/smarty/smarty.js",148,11,6,5,0,43,0,0,0,0,0,0,0,0,"6 17 20 0 0 0 0 0 0 0 0",2,"1 3 7 0 0 0 0 0 0 0 0",2
"untrusted","/Users/keheliya/dev/top_games/untrusted/lib/codemirror-3.1/mode/sparql/sparql.js",144,10,5,5,0,44,0,0,0,0,0,0,0,0,"12 23 5 4 0 0 0 0 0 0 0",3,"1 4 4 1 0 0 0 0 0 0 0",3
"untrusted","/Users/keheliya/dev/top_games/untrusted/lib/codemirror-3.1/mode/sql/sql.js",269,15,9,6,0,93,0,0,0,0,0,0,0,0,"16 66 9 2 0 0 0 0 0 0 0",3,"2 6 6 1 0 0 0 0 0 0 0",3
"untrusted","/Users/keheliya/dev/top_games/untrusted/lib/codemirror-3.1/mode/stex/stex.js",176,19,9,10,0,46,0,0,0,0,0,0,0,0,"8 18 15 0 5 0 0 0 0 0 0",4,"8 4 6 0 1 0 0 0 0 0 0",4
"untrusted","/Users/keheliya/dev/top_games/untrusted/lib/codemirror-3.1/mode/stex/test.js",105,2,1,1,0,36,0,0,0,0,0,0,0,0,"1 0 31 3 1 0 0 0 0 0 0",4,"1 1 0 0 0 0 0 0 0 0 0",1
"untrusted","/Users/keheliya/dev/top_games/untrusted/lib/codemirror-3.1/mode/tiddlywiki/tiddlywiki.js",354,15,11,4,0,129,0,0,0,0,0,0,0,0,"25 58 34 12 0 0 0 0 0 0 0",3,"3 1 9 2 0 0 0 0 0 0 0",3
"untrusted","/Users/keheliya/dev/top_games/untrusted/lib/codemirror-3.1/mode/tiki/tiki.js",310,27,17,10,0,108,0,0,0,0,0,0,0,0,"34 54 13 7 0 0 0 0 0 0 0",3,"5 12 9 1 0 0 0 0 0 0 0",3
"untrusted","/Users/keheliya/dev/top_games/untrusted/lib/codemirror-3.1/mode/turtle/turtle.js",146,10,5,5,0,43,0,0,0,0,0,0,0,0,"14 20 5 4 0 0 0 0 0 0 0",3,"1 4 4 1 0 0 0 0 0 0 0",3
"untrusted","/Users/keheliya/dev/top_games/untrusted/lib/codemirror-3.1/mode/vb/vb.js",261,11,6,5,0,69,0,0,0,0,0,0,0,0,"10 43 16 0 0 0 0 0 0 0 0",2,"1 2 8 0 0 0 0 0 0 0 0",2
"untrusted","/Users/keheliya/dev/top_games/untrusted/lib/codemirror-3.1/mode/vbscript/vbscript.js",27,2,0,2,0,10,0,0,0,0,0,0,0,0,"4 4 2 0 0 0 0 0 0 0 0",2,"1 1 0 0 0 0 0 0 0 0 0",1
"untrusted","/Users/keheliya/dev/top_games/untrusted/lib/codemirror-3.1/mode/velocity/velocity.js",145,10,6,4,0,38,0,0,0,0,0,0,0,0,"12 19 4 3 0 0 0 0 0 0 0",3,"2 2 5 1 0 0 0 0 0 0 0",3
"untrusted","/Users/keheliya/dev/top_games/untrusted/lib/codemirror-3.1/mode/verilog/verilog.js",183,14,8,6,0,46,0,0,0,0,0,0,0,0,"13 23 6 4 0 0 0 0 0 0 0",3,"1 5 6 1 0 1 0 0 0 0 0",5
"untrusted","/Users/keheliya/dev/top_games/untrusted/lib/codemirror-3.1/mode/xml/xml.js",325,27,18,9,0,98,0,0,0,0,0,0,0,0,"31 49 17 1 0 0 0 0 0 0 0",3,"4 13 9 1 0 0 0 0 0 0 0",3
"untrusted","/Users/keheliya/dev/top_games/untrusted/lib/codemirror-3.1/mode/xquery/test.js",65,2,1,1,0,13,0,0,0,0,0,0,0,0,"1 0 6 3 0 2 0 0 0 0 0            1",22,"1 1 0 0 0 0 0 0 0 0 0",1
"untrusted","/Users/keheliya/dev/top_games/untrusted/lib/codemirror-3.1/mode/xquery/xquery.js",451,26,20,6,0,145,0,0,0,0,0,0,0,0,"20 54 61 10 0 0 0 0 0 0 0",3,"3 7 14 2 0 0 0 0 0 0 0",3
"untrusted","/Users/keheliya/dev/top_games/untrusted/lib/codemirror-3.1/mode/yaml/yaml.js",96,3,0,3,0,23,0,0,0,0,0,0,0,0,"9 12 2 0 0 0 0 0 0 0 0",2,"2 0 1 0 0 0 0 0 0 0 0",2
"untrusted","/Users/keheliya/dev/top_games/untrusted/lib/codemirror-3.1/mode/z80/z80.js",114,3,0,3,0,30,0,0,0,0,0,0,0,0,"9 19 2 0 0 0 0 0 0 0 0",2,"2 0 1 0 0 0 0 0 0 0 0",2
"untrusted","/Users/keheliya/dev/top_games/untrusted/lib/codemirror-3.1/test/doc_test.js",330,28,5,23,0,343,0,0,0,0,0,0,0,0,"77 72 119 63 3 7 2 0 0 0 0",6,"4 3 11 5 3 2 0 0 0 0 0",5
"untrusted","/Users/keheliya/dev/top_games/untrusted/lib/codemirror-3.1/test/driver.js",139,15,12,3,0,44,0,0,0,0,1,0,0,0,"3 18 18 5 0 0 0 0 0 0 0",3,"4 4 3 3 1 0 0 0 0 0 0",4
"untrusted","/Users/keheliya/dev/top_games/untrusted/lib/codemirror-3.1/test/lint/acorn.js",1594,60,56,4,0,488,0,0,0,0,0,0,0,0,"137 210 137 4 0 0 0 0 0 0 0",3,"22 22 14 2 0 0 0 0 0 0 0",3
"untrusted","/Users/keheliya/dev/top_games/untrusted/lib/codemirror-3.1/test/lint/lint.js",109,13,5,8,0,32,3,0,3,0,0,0,0,0,"1 18 11 1 1 0 0 0 0 0 0",4,"1 4 7 1 0 0 0 0 0 0 0",3
"untrusted","/Users/keheliya/dev/top_games/untrusted/lib/codemirror-3.1/test/lint/parse-js.js",1373,111,88,23,0,497,0,0,0,0,0,0,0,0,"140 186 135 26 8 2 0 0 0 0 0",5,"40 45 14 9 3 0 0 0 0 0 0",4
"untrusted","/Users/keheliya/dev/top_games/untrusted/lib/codemirror-3.1/test/lint/walk.js",217,37,5,32,0,62,0,0,0,0,0,0,0,0,"0 6 6 50 0 0 0 0 0 0 0",3,"0 2 1 32 2 0 0 0 0 0 0",4
"untrusted","/Users/keheliya/dev/top_games/untrusted/lib/codemirror-3.1/test/mode_test.js",193,10,6,4,0,42,0,0,0,0,0,0,0,0,"6 19 14 3 0 0 0 0 0 0 0",3,"2 3 2 3 0 0 0 0 0 0 0",3
"untrusted","/Users/keheliya/dev/top_games/untrusted/lib/codemirror-3.1/test/phantom_driver.js",32,8,1,7,0,19,1,0,0,0,1,0,0,0,"3 12 4 0 0 0 0 0 0 0 0",2,"6 1 1 0 0 0 0 0 0 0 0",2
"untrusted","/Users/keheliya/dev/top_games/untrusted/lib/codemirror-3.1/test/run.js",34,0,0,0,0,0,0,0,0,0,0,0,0,0,"0 0 0 0 0 0 0 0 0 0 0",0,"0 0 0 0 0 0 0 0 0 0 0",0
"untrusted","/Users/keheliya/dev/top_games/untrusted/lib/codemirror-3.1/test/test.js",1345,123,15,108,0,1643,0,0,0,0,0,0,0,0,"272 376 842 128 22 2 1 0 0 0 0",6,"29 81 6 2 3 1 1 0 0 0 0",6
"untrusted","/Users/keheliya/dev/top_games/untrusted/lib/codemirror-3.1/test/vim_test.js",1048,106,9,97,0,853,0,0,0,0,0,0,0,0,"162 161 374 100 51 2 3 0 0 0 0",6,"4 10 4 86 2 0 0 0 0 0 0",4
"untrusted","/Users/keheliya/dev/top_games/untrusted/lib/rotjs-library/hp/hp.js",98,1,0,1,0,22,0,0,0,0,0,0,0,0,"3 10 9 0 0 0 0 0 0 0 0",2,"0 1 0 0 0 0 0 0 0 0 0",1
"untrusted","/Users/keheliya/dev/top_games/untrusted/lib/rotjs-library/manual/js/manual.js",135,13,0,13,0,54,0,0,0,0,0,0,0,0,"13 23 16 2 0 0 0 0 0 0 0",3,"5 5 3 0 0 0 0 0 0 0 0",2
"untrusted","/Users/keheliya/dev/top_games/untrusted/lib/rotjs-library/manual/js/oz.js",336,46,0,46,0,77,0,0,0,0,0,0,0,0,"7 40 14 11 5 0 0 0 0 0 0",4,"8 15 14 9 0 0 0 0 0 0 0",3
"untrusted","/Users/keheliya/dev/top_games/untrusted/lib/rotjs-library/manual/syntax/syntax-js.js",42,1,0,1,0,8,0,0,0,0,0,0,0,0,"1 6 1 0 0 0 0 0 0 0 0",2,"1 0 0 0 0 0 0 0 0 0 0",0
"untrusted","/Users/keheliya/dev/top_games/untrusted/lib/rotjs-library/manual/syntax/syntax.js",120,8,0,8,0,29,0,0,0,0,0,0,0,0,"4 15 9 1 0 0 0 0 0 0 0",3,"4 2 2 0 0 0 0 0 0 0 0",2
"untrusted","/Users/keheliya/dev/top_games/untrusted/lib/rotjs-library/rot.js",4093,206,1,205,0,574,0,0,0,0,0,1,0,0,"115 280 99 50 22 8 0 0 0 0 0",5,"46 58 57 23 16 5 1 0 0 0 0",6
"untrusted","/Users/keheliya/dev/top_games/untrusted/lib/rotjs-library/src/color.js",378,17,1,16,0,40,0,0,0,0,0,0,0,0,"5 25 5 5 0 0 0 0 0 0 0",3,"0 9 5 3 0 0 0 0 0 0 0",3
"untrusted","/Users/keheliya/dev/top_games/untrusted/lib/rotjs-library/src/display/backend.js",20,5,0,5,0,0,0,0,0,0,0,0,0,0,"0 0 0 0 0 0 0 0 0 0 0",0,"0 2 3 0 0 0 0 0 0 0 0",2
"untrusted","/Users/keheliya/dev/top_games/untrusted/lib/rotjs-library/src/display/display.js",216,12,0,12,0,19,0,0,0,0,0,1,0,0,"2 7 5 2 1 2 0 0 0 0 0",5,"4 2 3 1 1 1 0 0 0 0 0",5
"untrusted","/Users/keheliya/dev/top_games/untrusted/lib/rotjs-library/src/display/hex.js",88,6,0,6,0,29,0,0,0,0,0,0,0,0,"2 16 10 1 0 0 0 0 0 0 0",3,"0 2 4 0 0 0 0 0 0 0 0",2
"untrusted","/Users/keheliya/dev/top_games/untrusted/lib/rotjs-library/src/display/rect.js",110,7,0,7,0,23,0,0,0,0,0,0,0,0,"0 15 3 3 2 0 0 0 0 0 0",4,"0 2 5 0 0 0 0 0 0 0 0",2
"untrusted","/Users/keheliya/dev/top_games/untrusted/lib/rotjs-library/src/engine.js",63,7,0,7,0,7,0,0,0,0,0,0,0,0,"5 2 0 0 0 0 0 0 0 0 0",1,"5 2 0 0 0 0 0 0 0 0 0",1
"untrusted","/Users/keheliya/dev/top_games/untrusted/lib/rotjs-library/src/fov/discrete-shadowcasting.js",109,3,0,3,0,17,0,0,0,0,0,0,0,0,"0 3 4 5 5 0 0 0 0 0 0",4,"0 0 1 0 2 0 0 0 0 0 0",4
"untrusted","/Users/keheliya/dev/top_games/untrusted/lib/rotjs-library/src/fov/fov.js",75,3,0,3,0,1,0,0,0,0,0,0,0,0,"0 1 0 0 0 0 0 0 0 0 0",1,"0 0 1 1 1 0 0 0 0 0 0",4
"untrusted","/Users/keheliya/dev/top_games/untrusted/lib/rotjs-library/src/fov/precise-shadowcasting.js",124,3,0,3,0,14,0,0,0,0,0,0,0,0,"0 1 3 4 6 0 0 0 0 0 0",4,"0 0 1 0 2 0 0 0 0 0 0",4
"untrusted","/Users/keheliya/dev/top_games/untrusted/lib/rotjs-library/src/js/array.js",21,2,0,2,0,6,0,0,0,0,0,0,0,0,"2 3 1 0 0 0 0 0 0 0 0",2,"2 0 0 0 0 0 0 0 0 0 0",0
"untrusted","/Users/keheliya/dev/top_games/untrusted/lib/rotjs-library/src/js/date.js",7,1,0,1,0,0,0,0,0,0,0,0,0,0,"0 0 0 0 0 0 0 0 0 0 0",0,"1 0 0 0 0 0 0 0 0 0 0",0
"untrusted","/Users/keheliya/dev/top_games/untrusted/lib/rotjs-library/src/js/function.js",10,1,0,1,0,1,0,0,0,0,0,0,0,0,"0 1 0 0 0 0 0 0 0 0 0",1,"0 1 0 0 0 0 0 0 0 0 0",1
"untrusted","/Users/keheliya/dev/top_games/untrusted/lib/rotjs-library/src/js/number.js",9,1,0,1,0,0,0,0,0,0,0,0,0,0,"0 0 0 0 0 0 0 0 0 0 0",0,"0 1 0 0 0 0 0 0 0 0 0",1
"untrusted","/Users/keheliya/dev/top_games/untrusted/lib/rotjs-library/src/js/object.js",11,2,0,2,0,0,0,0,0,0,0,0,0,0,"0 0 0 0 0 0 0 0 0 0 0",0,"1 1 0 0 0 0 0 0 0 0 0",1
"untrusted","/Users/keheliya/dev/top_games/untrusted/lib/rotjs-library/src/js/string.js",82,6,0,6,0,20,0,0,0,0,0,0,0,0,"6 8 6 0 0 0 0 0 0 0 0",2,"2 1 2 0 1 0 0 0 0 0 0",4
"untrusted","/Users/keheliya/dev/top_games/untrusted/lib/rotjs-library/src/lighting.js",214,11,0,11,0,23,0,0,0,0,0,0,0,0,"1 14 4 2 2 0 0 0 0 0 0",4,"1 3 3 2 2 0 0 0 0 0 0",4
"untrusted","/Users/keheliya/dev/top_games/untrusted/lib/rotjs-library/src/map/arena.js",21,2,0,2,0,3,0,0,0,0,0,0,0,0,"0 1 0 2 0 0 0 0 0 0 0",3,"0 1 1 0 0 0 0 0 0 0 0",2
"untrusted","/Users/keheliya/dev/top_games/untrusted/lib/rotjs-library/src/map/cellular.js",90,5,0,5,0,9,0,0,0,0,0,0,0,0,"1 5 1 2 0 0 0 0 0 0 0",3,"0 2 1 2 0 0 0 0 0 0 0",3
"untrusted","/Users/keheliya/dev/top_games/untrusted/lib/rotjs-library/src/map/digger.js",231,11,0,11,0,36,0,0,0,0,0,0,0,0,"6 20 5 3 1 1 0 0 0 0 0",5,"2 1 5 2 1 0 0 0 0 0 0",4
"untrusted","/Users/keheliya/dev/top_games/untrusted/lib/rotjs-library/src/map/dividedmaze.js",109,4,0,4,0,26,0,0,0,0,0,0,0,0,"6 18 0 2 0 0 0 0 0 0 0",3,"1 2 1 0 0 0 0 0 0 0 0",2
"untrusted","/Users/keheliya/dev/top_games/untrusted/lib/rotjs-library/src/map/dungeon.js",27,3,0,3,0,2,0,0,0,0,0,0,0,0,"0 1 0 1 0 0 0 0 0 0 0",3,"2 0 1 0 0 0 0 0 0 0 0",2
"untrusted","/Users/keheliya/dev/top_games/untrusted/lib/rotjs-library/src/map/ellermaze.js",96,4,0,4,0,15,0,0,0,0,0,0,0,0,"3 6 0 6 0 0 0 0 0 0 0",3,"0 1 1 2 0 0 0 0 0 0 0",3
"untrusted","/Users/keheliya/dev/top_games/untrusted/lib/rotjs-library/src/map/features.js",321,26,0,26,0,67,0,0,0,0,0,0,0,0,"15 32 16 2 0 2 0 0 0 0 0",5,"10 6 3 2 1 3 1 0 0 0 0",6
"untrusted","/Users/keheliya/dev/top_games/untrusted/lib/rotjs-library/src/map/iceymaze.js",102,4,0,4,0,15,0,0,0,0,0,0,0,0,"4 8 0 2 0 1 0 0 0 0 0",5,"0 2 0 1 0 1 0 0 0 0 0",5
"untrusted","/Users/keheliya/dev/top_games/untrusted/lib/rotjs-library/src/map/map.js",21,3,0,3,0,2,0,0,0,0,0,0,0,0,"0 2 0 0 0 0 0 0 0 0 0",1,"0 2 1 0 0 0 0 0 0 0 0",2
"untrusted","/Users/keheliya/dev/top_games/untrusted/lib/rotjs-library/src/map/uniform.js",331,12,0,12,0,78,0,0,0,0,0,0,0,0,"40 23 12 3 0 0 0 0 0 0 0",3,"3 2 5 2 0 0 0 0 0 0 0",3
"untrusted","/Users/keheliya/dev/top_games/untrusted/lib/rotjs-library/src/noise/noise.js",8,2,0,2,0,0,0,0,0,0,0,0,0,0,"0 0 0 0 0 0 0 0 0 0 0",0,"1 0 1 0 0 0 0 0 0 0 0",2
"untrusted","/Users/keheliya/dev/top_games/untrusted/lib/rotjs-library/src/noise/simplex.js",117,2,0,2,0,12,0,0,0,0,0,0,0,0,"1 11 0 0 0 0 0 0 0 0 0",1,"0 1 1 0 0 0 0 0 0 0 0",2
"untrusted","/Users/keheliya/dev/top_games/untrusted/lib/rotjs-library/src/path/astar.js",92,4,0,4,0,18,0,0,0,0,0,0,0,0,"1 8 5 3 0 1 0 0 0 0 0",5,"0 0 1 2 1 0 0 0 0 0 0",4
"untrusted","/Users/keheliya/dev/top_games/untrusted/lib/rotjs-library/src/path/dijkstra.js",61,4,0,4,0,9,0,0,0,0,0,0,0,0,"1 2 3 2 0 1 0 0 0 0 0",5,"0 0 1 2 1 0 0 0 0 0 0",4
"untrusted","/Users/keheliya/dev/top_games/untrusted/lib/rotjs-library/src/path/path.js",45,3,0,3,0,2,0,0,0,0,0,0,0,0,"0 1 1 0 0 0 0 0 0 0 0",2,"0 0 1 1 1 0 0 0 0 0 0",4
"untrusted","/Users/keheliya/dev/top_games/untrusted/lib/rotjs-library/src/rng.js",118,8,0,8,0,10,0,0,0,0,0,0,0,0,"5 5 0 0 0 0 0 0 0 0 0",1,"4 3 1 0 0 0 0 0 0 0 0",2
"untrusted","/Users/keheliya/dev/top_games/untrusted/lib/rotjs-library/src/rot.js",354,1,0,1,0,1,0,0,0,0,0,0,0,0,"0 1 0 0 0 0 0 0 0 0 0",1,"1 0 0 0 0 0 0 0 0 0 0",0
"untrusted","/Users/keheliya/dev/top_games/untrusted/lib/rotjs-library/src/scheduler.js",74,5,0,5,0,7,0,0,0,0,0,0,0,0,"4 1 2 0 0 0 0 0 0 0 0",2,"3 2 0 0 0 0 0 0 0 0 0",1
"untrusted","/Users/keheliya/dev/top_games/untrusted/lib/rotjs-library/src/stringgenerator.js",173,11,0,11,0,29,0,0,0,0,0,0,0,0,"1 24 4 0 0 0 0 0 0 0 0",2,"3 7 1 0 0 0 0 0 0 0 0",2
"untrusted","/Users/keheliya/dev/top_games/untrusted/lib/rotjs-library/src/text.js",195,5,0,5,0,33,0,0,0,0,0,0,0,0,"4 15 9 0 5 0 0 0 0 0 0",4,"0 0 3 0 2 0 0 0 0 0 0",4
"untrusted","/Users/keheliya/dev/top_games/untrusted/lib/rotjs-library/tests/lib/jasmine-1.2.0/jasmine-html.js",617,48,6,42,1,210,0,0,0,0,0,0,0,0,"59 84 26 30 7 2 1 1 0 0 0",7,"17 25 2 4 0 0 0 0 0 0 0",3
"untrusted","/Users/keheliya/dev/top_games/untrusted/lib/rotjs-library/tests/lib/jasmine-1.2.0/jasmine.js",2530,248,2,246,0,364,0,0,0,0,0,0,0,0,"98 188 65 3 9 1 0 0 0 0 0",5,"100 104 29 8 6 1 0 0 0 0 0",5
"untrusted","/Users/keheliya/dev/top_games/untrusted/lib/rotjs-library/tests/reporters/jasmine.console_reporter.js",143,13,4,9,0,46,0,0,0,0,0,0,0,0,"25 18 3 0 0 0 0 0 0 0 0",2,"3 9 1 0 0 0 0 0 0 0 0",2
"untrusted","/Users/keheliya/dev/top_games/untrusted/lib/rotjs-library/tests/spec/color.js",175,47,0,47,0,156,0,0,0,0,0,0,0,0,"1 87 61 7 0 0 0 0 0 0 0",3,"47 0 0 0 0 0 0 0 0 0 0",0
"untrusted","/Users/keheliya/dev/top_games/untrusted/lib/rotjs-library/tests/spec/display.js",94,21,0,21,0,60,0,0,0,0,0,0,0,0,"0 26 33 1 0 0 0 0 0 0 0",3,"21 0 0 0 0 0 0 0 0 0 0",0
"untrusted","/Users/keheliya/dev/top_games/untrusted/lib/rotjs-library/tests/spec/dungeon.js",73,13,0,13,0,30,0,0,0,0,0,0,0,0,"4 18 8 0 0 0 0 0 0 0 0",2,"8 1 0 4 0 0 0 0 0 0 0",3
"untrusted","/Users/keheliya/dev/top_games/untrusted/lib/rotjs-library/tests/spec/engine.js",38,11,0,11,0,25,0,0,0,0,0,0,0,0,"6 15 4 0 0 0 0 0 0 0 0",2,"11 0 0 0 0 0 0 0 0 0 0",0
"untrusted","/Users/keheliya/dev/top_games/untrusted/lib/rotjs-library/tests/spec/fov.js",98,13,0,13,0,26,0,0,0,0,0,0,0,0,"0 12 9 4 1 0 0 0 0 0 0",4,"9 1 1 2 0 0 0 0 0 0 0",3
"untrusted","/Users/keheliya/dev/top_games/untrusted/lib/rotjs-library/tests/spec/js.js",151,46,0,46,0,135,0,0,0,0,0,0,0,0,"6 72 52 4 0 0 1 0 0 0 0",6,"45 1 0 0 0 0 0 0 0 0 0",1
"untrusted","/Users/keheliya/dev/top_games/untrusted/lib/rotjs-library/tests/spec/path.js",203,31,0,31,0,107,0,0,0,0,0,0,0,0,"24 37 28 18 0 0 0 0 0 0 0",3,"28 0 3 0 0 0 0 0 0 0 0",2
"untrusted","/Users/keheliya/dev/top_games/untrusted/lib/rotjs-library/tests/spec/rng.js",48,10,0,10,0,39,0,0,0,0,0,0,0,0,"10 19 10 0 0 0 0 0 0 0 0",2,"10 0 0 0 0 0 0 0 0 0 0",0
"untrusted","/Users/keheliya/dev/top_games/untrusted/lib/rotjs-library/tests/spec/scheduler.js",40,9,0,9,0,20,0,0,0,0,0,0,0,0,"3 13 4 0 0 0 0 0 0 0 0",2,"8 1 0 0 0 0 0 0 0 0 0",1
"untrusted","/Users/keheliya/dev/top_games/untrusted/lib/rotjs-library/tests/spec/text.js",107,20,0,20,0,97,0,0,0,0,0,0,0,0,"0 64 33 0 0 0 0 0 0 0 0",2,"20 0 0 0 0 0 0 0 0 0 0",0
"untrusted","/Users/keheliya/dev/top_games/untrusted/lib/shortcut.js",224,3,0,3,0,13,0,0,0,0,0,0,0,0,"5 4 2 2 0 0 0 0 0 0 0",3,"0 2 0 1 0 0 0 0 0 0 0",3
"untrusted","/Users/keheliya/dev/top_games/untrusted/mods/default/intro.js",18,2,1,1,0,10,0,0,0,0,1,0,0,0,"2 0 2 6 0 0 0 0 0 0 0",3,"1 0 0 1 0 0 0 0 0 0 0",3
"untrusted","/Users/keheliya/dev/top_games/untrusted/mods/example_mod/intro.js",18,2,1,1,0,10,0,0,0,0,1,0,0,0,"2 0 2 6 0 0 0 0 0 0 0",3,"1 0 0 1 0 0 0 0 0 0 0",3
"untrusted","/Users/keheliya/dev/top_games/untrusted/scripts/_head.js",2,0,0,0,0,0,0,0,0,0,0,0,0,0,"0 0 0 0 0 0 0 0 0 0 0",0,"0 0 0 0 0 0 0 0 0 0 0",0
"untrusted","/Users/keheliya/dev/top_games/untrusted/scripts/_launcher_debug.js",7,1,0,1,0,6,0,0,0,0,0,0,0,0,"1 5 0 0 0 0 0 0 0 0 0",1,"1 0 0 0 0 0 0 0 0 0 0",0
"untrusted","/Users/keheliya/dev/top_games/untrusted/scripts/_launcher_release.js",15,2,0,2,0,5,0,0,0,0,0,0,0,0,"1 3 1 0 0 0 0 0 0 0 0",2,"1 1 0 0 0 0 0 0 0 0 0",1
"untrusted","/Users/keheliya/dev/top_games/untrusted/scripts/_tail.js",6,0,0,0,0,0,0,0,0,0,0,0,0,0,"0 0 0 0 0 0 0 0 0 0 0",0,"0 0 0 0 0 0 0 0 0 0 0",0
"untrusted","/Users/keheliya/dev/top_games/untrusted/scripts/codeEditor.js",489,32,2,30,0,133,0,0,0,0,0,0,0,0,"21 74 32 6 0 0 0 0 0 0 0",3,"8 18 3 2 1 0 0 0 0 0 0",4
"untrusted","/Users/keheliya/dev/top_games/untrusted/scripts/display.js",253,15,0,15,0,78,0,0,0,0,1,0,0,0,"42 19 9 4 3 1 0 0 0 0 0",5,"3 5 5 0 2 0 0 0 0 0 0",4
"untrusted","/Users/keheliya/dev/top_games/untrusted/scripts/dynamicObject.js",246,23,3,20,0,74,0,0,0,0,0,1,0,0,"22 20 24 8 0 0 0 0 0 0 0",3,"14 5 2 1 0 1 0 0 0 0 0",5
"untrusted","/Users/keheliya/dev/top_games/untrusted/scripts/game.js",417,23,1,22,0,144,0,0,0,0,1,0,0,0,"49 74 13 8 0 0 0 0 0 0 0",3,"9 11 1 1 1 0 0 0 0 0 0",4
"untrusted","/Users/keheliya/dev/top_games/untrusted/scripts/inventory.js",125,9,0,9,0,48,0,0,0,0,0,0,0,0,"8 38 2 0 0 0 0 0 0 0 0",2,"3 6 0 0 0 0 0 0 0 0 0",1
"untrusted","/Users/keheliya/dev/top_games/untrusted/scripts/map.js",681,74,2,72,0,202,0,0,0,0,5,1,0,0,"71 79 50 1 0 0 1 0 0 0 0",6,"28 22 17 6 1 0 0 0 0 0 0",4
"untrusted","/Users/keheliya/dev/top_games/untrusted/scripts/objects.js",248,23,3,20,0,52,0,0,0,0,0,0,0,0,"13 37 2 0 0 0 0 0 0 0 0",2,"5 14 4 0 0 0 0 0 0 0 0",2
"untrusted","/Users/keheliya/dev/top_games/untrusted/scripts/player.js",214,21,2,19,0,56,0,0,0,0,1,0,0,0,"19 20 15 2 0 0 0 0 0 0 0",3,"9 6 5 0 1 0 0 0 0 0 0",4
"untrusted","/Users/keheliya/dev/top_games/untrusted/scripts/reference.js",476,0,0,0,0,0,0,0,0,0,0,0,0,0,"0 0 0 0 0 0 0 0 0 0 0",0,"0 0 0 0 0 0 0 0 0 0 0",0
"untrusted","/Users/keheliya/dev/top_games/untrusted/scripts/sound.js",239,8,1,7,0,36,0,0,0,0,0,0,0,0,"1 31 4 0 0 0 0 0 0 0 0",2,"4 4 0 0 0 0 0 0 0 0 0",1
"untrusted","/Users/keheliya/dev/top_games/untrusted/scripts/ui.js",284,40,0,40,1,218,0,0,0,0,0,0,0,0,"45 159 14 0 0 0 0 0 0 0 0",2,"33 1 6 0 0 0 0 0 0 0 0",2
"untrusted","/Users/keheliya/dev/top_games/untrusted/scripts/util.js",155,12,4,8,0,27,0,0,0,0,0,0,0,0,"3 13 11 0 0 0 0 0 0 0 0",2,"5 4 2 0 0 0 1 0 0 0 0",6
"untrusted","/Users/keheliya/dev/top_games/untrusted/scripts/validate.js",351,17,0,17,0,73,0,0,0,0,0,0,0,0,"24 34 14 0 1 0 0 0 0 0 0",4,"11 1 3 2 0 0 0 0 0 0 0",3