"project","path","loc","functions","functionDecls","functionExprs","namedFuncExprs"
"2048","/Users/keheliya/dev/top_games/2048/js/animframe_polyfill.js",29,2,0,4,0
"2048","/Users/keheliya/dev/top_games/2048/js/application.js",5,1,0,1,0
"2048","/Users/keheliya/dev/top_games/2048/js/bind_polyfill.js",10,0,0,2,0
"2048","/Users/keheliya/dev/top_games/2048/js/classlist_polyfill.js",72,2,2,8,0
"2048","/Users/keheliya/dev/top_games/2048/js/game_manager.js",273,3,1,20,0
"2048","/Users/keheliya/dev/top_games/2048/js/grid.js",118,1,1,14,0
"2048","/Users/keheliya/dev/top_games/2048/js/html_actuator.js",140,5,1,16,0
"2048","/Users/keheliya/dev/top_games/2048/js/keyboard_input_manager.js",145,5,1,11,0
"2048","/Users/keheliya/dev/top_games/2048/js/local_storage_manager.js",64,0,1,10,0
"2048","/Users/keheliya/dev/top_games/2048/js/tile.js",28,0,1,3,0
"BrowserQuest","/Users/keheliya/dev/top_games/BrowserQuest/client/js/animation.js",69,1,0,8,0
"BrowserQuest","/Users/keheliya/dev/top_games/BrowserQuest/client/js/app.js",534,17,0,55,0
"BrowserQuest","/Users/keheliya/dev/top_games/BrowserQuest/client/js/area.js",25,1,0,3,0
"BrowserQuest","/Users/keheliya/dev/top_games/BrowserQuest/client/js/audio.js",251,14,0,34,0
"BrowserQuest","/Users/keheliya/dev/top_games/BrowserQuest/client/js/bubble.js",103,6,0,17,0
"BrowserQuest","/Users/keheliya/dev/top_games/BrowserQuest/client/js/build.js",35,0,0,0,0
"BrowserQuest","/Users/keheliya/dev/top_games/BrowserQuest/client/js/camera.js",84,1,0,10,0
"BrowserQuest","/Users/keheliya/dev/top_games/BrowserQuest/client/js/character.js",552,3,0,61,0
"BrowserQuest","/Users/keheliya/dev/top_games/BrowserQuest/client/js/chest.js",29,1,0,6,0
"BrowserQuest","/Users/keheliya/dev/top_games/BrowserQuest/client/js/config.js",20,2,0,2,0
"BrowserQuest","/Users/keheliya/dev/top_games/BrowserQuest/client/js/detect.js",40,0,0,8,0
"BrowserQuest","/Users/keheliya/dev/top_games/BrowserQuest/client/js/entity.js",260,2,0,32,0
"BrowserQuest","/Users/keheliya/dev/top_games/BrowserQuest/client/js/entityfactory.js",213,1,0,48,0
"BrowserQuest","/Users/keheliya/dev/top_games/BrowserQuest/client/js/exceptions.js",14,1,0,2,0
"BrowserQuest","/Users/keheliya/dev/top_games/BrowserQuest/client/js/game.js",2455,91,0,220,0
"BrowserQuest","/Users/keheliya/dev/top_games/BrowserQuest/client/js/gameclient.js",544,2,0,70,0
"BrowserQuest","/Users/keheliya/dev/top_games/BrowserQuest/client/js/home.js",4,1,0,1,0
"BrowserQuest","/Users/keheliya/dev/top_games/BrowserQuest/client/js/infomanager.js",110,5,0,15,0
"BrowserQuest","/Users/keheliya/dev/top_games/BrowserQuest/client/js/item.js",36,1,0,6,0
"BrowserQuest","/Users/keheliya/dev/top_games/BrowserQuest/client/js/items.js",118,1,0,17,0
"BrowserQuest","/Users/keheliya/dev/top_games/BrowserQuest/client/js/lib/astar.js",151,2,8,2,0
"BrowserQuest","/Users/keheliya/dev/top_games/BrowserQuest/client/js/lib/bison.js",253,1,3,1,0
"BrowserQuest","/Users/keheliya/dev/top_games/BrowserQuest/client/js/lib/class.js",69,2,0,6,0
"BrowserQuest","/Users/keheliya/dev/top_games/BrowserQuest/client/js/lib/css3-mediaqueries.js",780,24,1,94,1
"BrowserQuest","/Users/keheliya/dev/top_games/BrowserQuest/client/js/lib/log.js",39,0,0,7,0
"BrowserQuest","/Users/keheliya/dev/top_games/BrowserQuest/client/js/lib/stacktrace.js",357,1,1,24,0
"BrowserQuest","/Users/keheliya/dev/top_games/BrowserQuest/client/js/main.js",410,45,0,49,0
"BrowserQuest","/Users/keheliya/dev/top_games/BrowserQuest/client/js/map.js",310,7,0,33,0
"BrowserQuest","/Users/keheliya/dev/top_games/BrowserQuest/client/js/mapworker.js",69,2,3,4,0
"BrowserQuest","/Users/keheliya/dev/top_games/BrowserQuest/client/js/mob.js",14,1,0,2,0
"BrowserQuest","/Users/keheliya/dev/top_games/BrowserQuest/client/js/mobs.js",161,1,0,16,0
"BrowserQuest","/Users/keheliya/dev/top_games/BrowserQuest/client/js/npc.js",188,1,0,3,0
"BrowserQuest","/Users/keheliya/dev/top_games/BrowserQuest/client/js/npcs.js",107,1,0,17,0
"BrowserQuest","/Users/keheliya/dev/top_games/BrowserQuest/client/js/pathfinder.js",101,2,0,9,0
"BrowserQuest","/Users/keheliya/dev/top_games/BrowserQuest/client/js/player.js",218,4,0,23,0
"BrowserQuest","/Users/keheliya/dev/top_games/BrowserQuest/client/js/renderer.js",784,9,0,59,0
"BrowserQuest","/Users/keheliya/dev/top_games/BrowserQuest/client/js/sprite.js",169,1,0,13,0
"BrowserQuest","/Users/keheliya/dev/top_games/BrowserQuest/client/js/sprites.js",83,2,0,2,0
"BrowserQuest","/Users/keheliya/dev/top_games/BrowserQuest/client/js/storage.js",169,1,0,26,0
"BrowserQuest","/Users/keheliya/dev/top_games/BrowserQuest/client/js/text.js",12,6,0,19,0
"BrowserQuest","/Users/keheliya/dev/top_games/BrowserQuest/client/js/tile.js",37,1,0,4,0
"BrowserQuest","/Users/keheliya/dev/top_games/BrowserQuest/client/js/timer.js",22,1,0,3,0
"BrowserQuest","/Users/keheliya/dev/top_games/BrowserQuest/client/js/transition.js",66,1,0,6,0
"BrowserQuest","/Users/keheliya/dev/top_games/BrowserQuest/client/js/updater.js",254,13,0,29,0
"BrowserQuest","/Users/keheliya/dev/top_games/BrowserQuest/client/js/util.js",25,1,0,5,0
"BrowserQuest","/Users/keheliya/dev/top_games/BrowserQuest/client/js/warrior.js",11,1,0,2,0
"BrowserQuest","/Users/keheliya/dev/top_games/BrowserQuest/server/js/area.js",71,1,0,9,0
"BrowserQuest","/Users/keheliya/dev/top_games/BrowserQuest/server/js/character.js",94,0,0,14,0
"BrowserQuest","/Users/keheliya/dev/top_games/BrowserQuest/server/js/checkpoint.js",23,0,0,2,0
"BrowserQuest","/Users/keheliya/dev/top_games/BrowserQuest/server/js/chest.js",23,0,0,3,0
"BrowserQuest","/Users/keheliya/dev/top_games/BrowserQuest/server/js/chestarea.js",24,0,0,2,0
"BrowserQuest","/Users/keheliya/dev/top_games/BrowserQuest/server/js/entity.js",66,0,0,8,0
"BrowserQuest","/Users/keheliya/dev/top_games/BrowserQuest/server/js/format.js",59,2,0,4,0
"BrowserQuest","/Users/keheliya/dev/top_games/BrowserQuest/server/js/formulas.js",26,0,0,2,0
"BrowserQuest","/Users/keheliya/dev/top_games/BrowserQuest/server/js/item.js",43,2,0,7,0
"BrowserQuest","/Users/keheliya/dev/top_games/BrowserQuest/server/js/lib/class.js",69,2,0,6,0
"BrowserQuest","/Users/keheliya/dev/top_games/BrowserQuest/server/js/main.js",143,19,3,21,0
"BrowserQuest","/Users/keheliya/dev/top_games/BrowserQuest/server/js/map.js",219,8,0,28,0
"BrowserQuest","/Users/keheliya/dev/top_games/BrowserQuest/server/js/message.js",211,0,0,34,0
"BrowserQuest","/Users/keheliya/dev/top_games/BrowserQuest/server/js/metrics.js",77,8,0,14,0
"BrowserQuest","/Users/keheliya/dev/top_games/BrowserQuest/server/js/mob.js",164,6,0,23,0
"BrowserQuest","/Users/keheliya/dev/top_games/BrowserQuest/server/js/mobarea.js",73,3,0,9,0
"BrowserQuest","/Users/keheliya/dev/top_games/BrowserQuest/server/js/npc.js",6,0,0,1,0
"BrowserQuest","/Users/keheliya/dev/top_games/BrowserQuest/server/js/player.js",383,6,0,32,0
"BrowserQuest","/Users/keheliya/dev/top_games/BrowserQuest/server/js/properties.js",183,0,0,3,0
"BrowserQuest","/Users/keheliya/dev/top_games/BrowserQuest/server/js/utils.js",68,0,0,8,0
"BrowserQuest","/Users/keheliya/dev/top_games/BrowserQuest/server/js/worldserver.js",857,37,0,105,0
"BrowserQuest","/Users/keheliya/dev/top_games/BrowserQuest/server/js/ws.js",295,9,0,34,0
"BrowserQuest","/Users/keheliya/dev/top_games/BrowserQuest/shared/js/gametypes.js",317,4,0,27,0
"BrowserQuest","/Users/keheliya/dev/top_games/BrowserQuest/tools/maps/exportmap.js",62,0,0,0,0
"BrowserQuest","/Users/keheliya/dev/top_games/BrowserQuest/tools/maps/processmap.js",303,10,0,13,2
"adarkroom","/Users/keheliya/dev/top_games/adarkroom/lang/langs.js",15,0,0,0,0
"adarkroom","/Users/keheliya/dev/top_games/adarkroom/lib/base64.js",142,0,0,4,0
"adarkroom","/Users/keheliya/dev/top_games/adarkroom/lib/icu.js",23,1,0,25,0
"adarkroom","/Users/keheliya/dev/top_games/adarkroom/lib/jquery.event.move.js",581,8,33,20,0
"adarkroom","/Users/keheliya/dev/top_games/adarkroom/lib/jquery.event.swipe.js",130,2,2,5,0
"adarkroom","/Users/keheliya/dev/top_games/adarkroom/lib/translate.js",87,3,1,9,0
"adarkroom","/Users/keheliya/dev/top_games/adarkroom/script/Button.js",86,2,0,8,0
"adarkroom","/Users/keheliya/dev/top_games/adarkroom/script/dropbox.js",362,12,0,28,0
"adarkroom","/Users/keheliya/dev/top_games/adarkroom/script/engine.js",717,6,2,46,0
"adarkroom","/Users/keheliya/dev/top_games/adarkroom/script/events/encounters.js",401,0,0,10,0
"adarkroom","/Users/keheliya/dev/top_games/adarkroom/script/events/global.js",67,0,0,3,0
"adarkroom","/Users/keheliya/dev/top_games/adarkroom/script/events/outside.js",248,0,0,11,0
"adarkroom","/Users/keheliya/dev/top_games/adarkroom/script/events/room.js",603,4,0,32,0
"adarkroom","/Users/keheliya/dev/top_games/adarkroom/script/events/setpieces.js",3575,0,0,36,0
"adarkroom","/Users/keheliya/dev/top_games/adarkroom/script/events.js",853,15,0,49,0
"adarkroom","/Users/keheliya/dev/top_games/adarkroom/script/header.js",28,1,0,4,0
"adarkroom","/Users/keheliya/dev/top_games/adarkroom/script/localization.js",85,1,0,1,0
"adarkroom","/Users/keheliya/dev/top_games/adarkroom/script/notifications.js",79,2,0,7,0
"adarkroom","/Users/keheliya/dev/top_games/adarkroom/script/outside.js",616,2,0,22,0
"adarkroom","/Users/keheliya/dev/top_games/adarkroom/script/path.js",314,1,0,15,0
"adarkroom","/Users/keheliya/dev/top_games/adarkroom/script/prestige.js",104,0,0,7,0
"adarkroom","/Users/keheliya/dev/top_games/adarkroom/script/room.js",1121,2,0,61,0
"adarkroom","/Users/keheliya/dev/top_games/adarkroom/script/scoring.js",50,0,0,4,0
"adarkroom","/Users/keheliya/dev/top_games/adarkroom/script/ship.js",174,0,0,11,0
"adarkroom","/Users/keheliya/dev/top_games/adarkroom/script/space.js",506,8,0,31,0
"adarkroom","/Users/keheliya/dev/top_games/adarkroom/script/state_manager.js",421,0,0,22,0
"adarkroom","/Users/keheliya/dev/top_games/adarkroom/script/world.js",950,3,0,53,0
"clumsy-bird","/Users/keheliya/dev/top_games/clumsy-bird/Gruntfile.js",84,0,0,1,0
"clumsy-bird","/Users/keheliya/dev/top_games/clumsy-bird/build/clumsy.js",671,4,0,42,0
"clumsy-bird","/Users/keheliya/dev/top_games/clumsy-bird/js/entities/HUD.js",127,0,0,10,0
"clumsy-bird","/Users/keheliya/dev/top_games/clumsy-bird/js/entities/entities.js",224,1,0,12,0
"clumsy-bird","/Users/keheliya/dev/top_games/clumsy-bird/js/game.js",40,0,0,2,0
"clumsy-bird","/Users/keheliya/dev/top_games/clumsy-bird/js/resources.js",20,0,0,0,0
"clumsy-bird","/Users/keheliya/dev/top_games/clumsy-bird/js/screens/gameover.js",125,1,0,7,0
"clumsy-bird","/Users/keheliya/dev/top_games/clumsy-bird/js/screens/play.js",64,1,0,4,0
"clumsy-bird","/Users/keheliya/dev/top_games/clumsy-bird/js/screens/title.js",71,1,0,7,0
"hextris","/Users/keheliya/dev/top_games/hextris/js_v9/Block.js",199,0,2,3,0
"hextris","/Users/keheliya/dev/top_games/hextris/js_v9/Hex.js",171,2,2,7,0
"hextris","/Users/keheliya/dev/top_games/hextris/js_v9/Text.js",28,0,2,1,0
"hextris","/Users/keheliya/dev/top_games/hextris/js_v9/checking.js",88,0,3,0,0
"hextris","/Users/keheliya/dev/top_games/hextris/js_v9/comboTimer.js",72,0,3,0,0
"hextris","/Users/keheliya/dev/top_games/hextris/js_v9/initialization.js",322,7,9,10,0
"hextris","/Users/keheliya/dev/top_games/hextris/js_v9/input.js",224,6,6,16,0
"hextris","/Users/keheliya/dev/top_games/hextris/js_v9/main.js",340,7,14,7,0
"hextris","/Users/keheliya/dev/top_games/hextris/js_v9/math.js",15,0,2,0,0
"hextris","/Users/keheliya/dev/top_games/hextris/js_v9/render.js",115,0,3,0,0
"hextris","/Users/keheliya/dev/top_games/hextris/js_v9/save-state.js",64,2,5,2,0
"hextris","/Users/keheliya/dev/top_games/hextris/js_v9/update.js",74,0,1,0,0
"hextris","/Users/keheliya/dev/top_games/hextris/js_v9/view.js",214,3,11,3,0
"hextris","/Users/keheliya/dev/top_games/hextris/js_v9/wavegen.js",202,0,2,10,0
"untrusted","/Users/keheliya/dev/top_games/untrusted/levels/intro.js",18,1,1,1,0
"untrusted","/Users/keheliya/dev/top_games/untrusted/lib/codemirror-3.1/addon/dialog/dialog.js",77,10,3,10,0
"untrusted","/Users/keheliya/dev/top_games/untrusted/lib/codemirror-3.1/addon/edit/closebrackets.js",30,3,2,4,0
"untrusted","/Users/keheliya/dev/top_games/untrusted/lib/codemirror-3.1/addon/edit/closetag.js",87,2,2,4,0
"untrusted","/Users/keheliya/dev/top_games/untrusted/lib/codemirror-3.1/addon/edit/continuecomment.js",37,1,0,2,0
"untrusted","/Users/keheliya/dev/top_games/untrusted/lib/codemirror-3.1/addon/edit/continuelist.js",29,1,0,2,0
"untrusted","/Users/keheliya/dev/top_games/untrusted/lib/codemirror-3.1/addon/edit/matchbrackets.js",75,6,4,7,0
"untrusted","/Users/keheliya/dev/top_games/untrusted/lib/codemirror-3.1/addon/fold/collapserange.js",69,2,4,3,0
"untrusted","/Users/keheliya/dev/top_games/untrusted/lib/codemirror-3.1/addon/fold/foldcode.js",184,1,0,6,0
"untrusted","/Users/keheliya/dev/top_games/untrusted/lib/codemirror-3.1/addon/format/formatting.js",115,7,1,10,0
"untrusted","/Users/keheliya/dev/top_games/untrusted/lib/codemirror-3.1/addon/hint/javascript-hint.js",141,2,7,4,0
"untrusted","/Users/keheliya/dev/top_games/untrusted/lib/codemirror-3.1/addon/hint/pig-hint.js",118,2,6,3,0
"untrusted","/Users/keheliya/dev/top_games/untrusted/lib/codemirror-3.1/addon/hint/python-hint.js",94,2,6,3,0
"untrusted","/Users/keheliya/dev/top_games/untrusted/lib/codemirror-3.1/addon/hint/show-hint.js",156,5,10,12,0
"untrusted","/Users/keheliya/dev/top_games/untrusted/lib/codemirror-3.1/addon/hint/simple-hint.js",103,5,4,6,0
"untrusted","/Users/keheliya/dev/top_games/untrusted/lib/codemirror-3.1/addon/hint/xml-hint.js",119,1,0,4,0
"untrusted","/Users/keheliya/dev/top_games/untrusted/lib/codemirror-3.1/addon/lint/javascript-lint.js",122,3,4,4,0
"untrusted","/Users/keheliya/dev/top_games/untrusted/lib/codemirror-3.1/addon/lint/json-lint.js",15,0,0,2,0
"untrusted","/Users/keheliya/dev/top_games/untrusted/lib/codemirror-3.1/addon/lint/lint.js",183,6,17,7,0
"untrusted","/Users/keheliya/dev/top_games/untrusted/lib/codemirror-3.1/addon/mode/loadmode.js",52,4,2,7,0
"untrusted","/Users/keheliya/dev/top_games/untrusted/lib/codemirror-3.1/addon/mode/multiplex.js",96,0,1,7,0
"untrusted","/Users/keheliya/dev/top_games/untrusted/lib/codemirror-3.1/addon/mode/overlay.js",60,0,0,7,0
"untrusted","/Users/keheliya/dev/top_games/untrusted/lib/codemirror-3.1/addon/runmode/colorize.js",30,1,1,2,0
"untrusted","/Users/keheliya/dev/top_games/untrusted/lib/codemirror-3.1/addon/runmode/runmode-standalone.js",131,0,2,21,0
"untrusted","/Users/keheliya/dev/top_games/untrusted/lib/codemirror-3.1/addon/runmode/runmode.js",53,0,0,2,0
"untrusted","/Users/keheliya/dev/top_games/untrusted/lib/codemirror-3.1/addon/runmode/runmode.node.js",90,0,2,20,0
"untrusted","/Users/keheliya/dev/top_games/untrusted/lib/codemirror-3.1/addon/search/match-highlighter.js",61,3,3,4,0
"untrusted","/Users/keheliya/dev/top_games/untrusted/lib/codemirror-3.1/addon/search/search.js",132,10,11,18,0
"untrusted","/Users/keheliya/dev/top_games/untrusted/lib/codemirror-3.1/addon/search/searchcursor.js",132,2,2,14,0
"untrusted","/Users/keheliya/dev/top_games/untrusted/lib/codemirror-3.1/addon/selection/active-line.js",40,2,2,2,0
"untrusted","/Users/keheliya/dev/top_games/untrusted/lib/codemirror-3.1/addon/selection/mark-selection.js",35,2,2,2,0
"untrusted","/Users/keheliya/dev/top_games/untrusted/lib/codemirror-3.1/keymap/emacs.js",31,1,3,7,0
"untrusted","/Users/keheliya/dev/top_games/untrusted/lib/codemirror-3.1/keymap/vim.js",2590,6,72,101,0
"untrusted","/Users/keheliya/dev/top_games/untrusted/lib/codemirror-3.1/lib/codemirror.js",5385,106,249,284,0
"untrusted","/Users/keheliya/dev/top_games/untrusted/lib/codemirror-3.1/mode/apl/apl.js",161,1,0,5,0
"untrusted","/Users/keheliya/dev/top_games/untrusted/lib/codemirror-3.1/mode/asterisk/asterisk.js",184,1,1,3,0
"untrusted","/Users/keheliya/dev/top_games/untrusted/lib/codemirror-3.1/mode/clike/clike.js",303,2,10,9,0
"untrusted","/Users/keheliya/dev/top_games/untrusted/lib/codemirror-3.1/mode/clojure/clojure.js",207,1,5,4,0
"untrusted","/Users/keheliya/dev/top_games/untrusted/lib/codemirror-3.1/mode/coffeescript/coffeescript.js",347,1,7,5,0
"untrusted","/Users/keheliya/dev/top_games/untrusted/lib/codemirror-3.1/mode/commonlisp/commonlisp.js",102,1,4,4,0
"untrusted","/Users/keheliya/dev/top_games/untrusted/lib/codemirror-3.1/mode/css/css.js",466,1,7,5,0
"untrusted","/Users/keheliya/dev/top_games/untrusted/lib/codemirror-3.1/mode/css/test.js",107,1,1,1,0
"untrusted","/Users/keheliya/dev/top_games/untrusted/lib/codemirror-3.1/mode/d/d.js",206,2,8,7,0
"untrusted","/Users/keheliya/dev/top_games/untrusted/lib/codemirror-3.1/mode/diff/diff.js",33,1,0,2,0
"untrusted","/Users/keheliya/dev/top_games/untrusted/lib/codemirror-3.1/mode/ecl/ecl.js",193,1,8,5,0
"untrusted","/Users/keheliya/dev/top_games/untrusted/lib/codemirror-3.1/mode/erlang/erlang.js",464,1,17,4,0
"untrusted","/Users/keheliya/dev/top_games/untrusted/lib/codemirror-3.1/mode/gfm/gfm.js",96,1,1,4,0
"untrusted","/Users/keheliya/dev/top_games/untrusted/lib/codemirror-3.1/mode/gfm/test.js",85,1,1,1,0
"untrusted","/Users/keheliya/dev/top_games/untrusted/lib/codemirror-3.1/mode/go/go.js",166,1,6,5,0
"untrusted","/Users/keheliya/dev/top_games/untrusted/lib/codemirror-3.1/mode/groovy/groovy.js",211,1,11,4,0
"untrusted","/Users/keheliya/dev/top_games/untrusted/lib/codemirror-3.1/mode/haskell/haskell.js",243,3,6,8,0
"untrusted","/Users/keheliya/dev/top_games/untrusted/lib/codemirror-3.1/mode/haxe/haxe.js",430,2,44,9,0
"untrusted","/Users/keheliya/dev/top_games/untrusted/lib/codemirror-3.1/mode/htmlembedded/htmlembedded.js",74,1,2,6,0
"untrusted","/Users/keheliya/dev/top_games/untrusted/lib/codemirror-3.1/mode/htmlmixed/htmlmixed.js",105,1,4,6,0
"untrusted","/Users/keheliya/dev/top_games/untrusted/lib/codemirror-3.1/mode/http/http.js",99,1,8,4,0
"untrusted","/Users/keheliya/dev/top_games/untrusted/lib/codemirror-3.1/mode/javascript/javascript.js",427,2,39,9,0
"untrusted","/Users/keheliya/dev/top_games/untrusted/lib/codemirror-3.1/mode/jinja2/jinja2.js",43,1,2,4,0
"untrusted","/Users/keheliya/dev/top_games/untrusted/lib/codemirror-3.1/mode/less/less.js",266,1,7,5,0
"untrusted","/Users/keheliya/dev/top_games/untrusted/lib/codemirror-3.1/mode/lua/lua.js",141,1,6,6,0
"untrusted","/Users/keheliya/dev/top_games/untrusted/lib/codemirror-3.1/mode/markdown/markdown.js",476,2,14,7,0
"untrusted","/Users/keheliya/dev/top_games/untrusted/lib/codemirror-3.1/mode/markdown/test.js",580,1,1,1,0
"untrusted","/Users/keheliya/dev/top_games/untrusted/lib/codemirror-3.1/mode/meta.js",73,0,0,0,0
"untrusted","/Users/keheliya/dev/top_games/untrusted/lib/codemirror-3.1/mode/mysql/mysql.js",204,1,7,6,0
"untrusted","/Users/keheliya/dev/top_games/untrusted/lib/codemirror-3.1/mode/ntriples/ntriples.js",171,7,1,9,0
"untrusted","/Users/keheliya/dev/top_games/untrusted/lib/codemirror-3.1/mode/ocaml/ocaml.js",114,1,3,3,0
"untrusted","/Users/keheliya/dev/top_games/untrusted/lib/codemirror-3.1/mode/pascal/pascal.js",95,1,4,4,0
"untrusted","/Users/keheliya/dev/top_games/untrusted/lib/codemirror-3.1/mode/perl/perl.js",817,1,3,10,0
"untrusted","/Users/keheliya/dev/top_games/untrusted/lib/codemirror-3.1/mode/php/php.js",130,2,3,11,0
"untrusted","/Users/keheliya/dev/top_games/untrusted/lib/codemirror-3.1/mode/pig/pig.js",172,2,6,5,0
"untrusted","/Users/keheliya/dev/top_games/untrusted/lib/codemirror-3.1/mode/plsql/plsql.js",217,2,6,5,0
"untrusted","/Users/keheliya/dev/top_games/untrusted/lib/codemirror-3.1/mode/properties/properties.js",64,1,0,3,0
"untrusted","/Users/keheliya/dev/top_games/untrusted/lib/codemirror-3.1/mode/python/python.js",341,1,7,4,0
"untrusted","/Users/keheliya/dev/top_games/untrusted/lib/codemirror-3.1/mode/q/q.js",125,1,8,4,0
"untrusted","/Users/keheliya/dev/top_games/untrusted/lib/codemirror-3.1/mode/r/r.js",142,1,5,5,0
"untrusted","/Users/keheliya/dev/top_games/untrusted/lib/codemirror-3.1/mode/rpm/changes/changes.js",20,1,0,2,0
"untrusted","/Users/keheliya/dev/top_games/untrusted/lib/codemirror-3.1/mode/rpm/spec/spec.js",67,1,0,3,0
"untrusted","/Users/keheliya/dev/top_games/untrusted/lib/codemirror-3.1/mode/rst/rst.js",315,1,16,4,0
"untrusted","/Users/keheliya/dev/top_games/untrusted/lib/codemirror-3.1/mode/ruby/ruby.js",196,1,7,7,0
"untrusted","/Users/keheliya/dev/top_games/untrusted/lib/codemirror-3.1/mode/rust/rust.js",433,2,46,8,0
"untrusted","/Users/keheliya/dev/top_games/untrusted/lib/codemirror-3.1/mode/sass/sass.js",350,1,2,14,0
"untrusted","/Users/keheliya/dev/top_games/untrusted/lib/codemirror-3.1/mode/scheme/scheme.js",231,1,8,4,0
"untrusted","/Users/keheliya/dev/top_games/untrusted/lib/codemirror-3.1/mode/shell/shell.js",119,1,4,5,0
"untrusted","/Users/keheliya/dev/top_games/untrusted/lib/codemirror-3.1/mode/sieve/sieve.js",184,1,5,5,0
"untrusted","/Users/keheliya/dev/top_games/untrusted/lib/codemirror-3.1/mode/smalltalk/smalltalk.js",139,1,0,13,0
"untrusted","/Users/keheliya/dev/top_games/untrusted/lib/codemirror-3.1/mode/smarty/smarty.js",148,1,6,5,0
"untrusted","/Users/keheliya/dev/top_games/untrusted/lib/codemirror-3.1/mode/sparql/sparql.js",144,1,5,5,0
"untrusted","/Users/keheliya/dev/top_games/untrusted/lib/codemirror-3.1/mode/sql/sql.js",269,2,9,6,0
"untrusted","/Users/keheliya/dev/top_games/untrusted/lib/codemirror-3.1/mode/stex/stex.js",176,1,9,10,0
"untrusted","/Users/keheliya/dev/top_games/untrusted/lib/codemirror-3.1/mode/stex/test.js",105,1,1,1,0
"untrusted","/Users/keheliya/dev/top_games/untrusted/lib/codemirror-3.1/mode/tiddlywiki/tiddlywiki.js",354,2,11,4,0
"untrusted","/Users/keheliya/dev/top_games/untrusted/lib/codemirror-3.1/mode/tiki/tiki.js",310,1,17,10,0
"untrusted","/Users/keheliya/dev/top_games/untrusted/lib/codemirror-3.1/mode/turtle/turtle.js",146,1,5,5,0
"untrusted","/Users/keheliya/dev/top_games/untrusted/lib/codemirror-3.1/mode/vb/vb.js",261,1,6,5,0
"untrusted","/Users/keheliya/dev/top_games/untrusted/lib/codemirror-3.1/mode/vbscript/vbscript.js",27,1,0,2,0
"untrusted","/Users/keheliya/dev/top_games/untrusted/lib/codemirror-3.1/mode/velocity/velocity.js",145,1,6,4,0
"untrusted","/Users/keheliya/dev/top_games/untrusted/lib/codemirror-3.1/mode/verilog/verilog.js",183,2,8,6,0
"untrusted","/Users/keheliya/dev/top_games/untrusted/lib/codemirror-3.1/mode/xml/xml.js",325,1,18,9,0
"untrusted","/Users/keheliya/dev/top_games/untrusted/lib/codemirror-3.1/mode/xquery/test.js",65,1,1,1,0
"untrusted","/Users/keheliya/dev/top_games/untrusted/lib/codemirror-3.1/mode/xquery/xquery.js",451,2,20,6,0
"untrusted","/Users/keheliya/dev/top_games/untrusted/lib/codemirror-3.1/mode/yaml/yaml.js",96,1,0,3,0
"untrusted","/Users/keheliya/dev/top_games/untrusted/lib/codemirror-3.1/mode/z80/z80.js",114,1,0,3,0
"untrusted","/Users/keheliya/dev/top_games/untrusted/lib/codemirror-3.1/test/doc_test.js",330,23,5,23,0
"untrusted","/Users/keheliya/dev/top_games/untrusted/lib/codemirror-3.1/test/driver.js",139,2,12,3,0
"untrusted","/Users/keheliya/dev/top_games/untrusted/lib/codemirror-3.1/test/lint/acorn.js",1594,2,56,4,0
"untrusted","/Users/keheliya/dev/top_games/untrusted/lib/codemirror-3.1/test/lint/lint.js",109,1,5,8,0
"untrusted","/Users/keheliya/dev/top_games/untrusted/lib/codemirror-3.1/test/lint/parse-js.js",1373,15,88,23,0
"untrusted","/Users/keheliya/dev/top_games/untrusted/lib/codemirror-3.1/test/lint/walk.js",217,1,5,32,0
"untrusted","/Users/keheliya/dev/top_games/untrusted/lib/codemirror-3.1/test/mode_test.js",193,3,6,4,0
"untrusted","/Users/keheliya/dev/top_games/untrusted/lib/codemirror-3.1/test/phantom_driver.js",32,7,1,7,0
"untrusted","/Users/keheliya/dev/top_games/untrusted/lib/codemirror-3.1/test/run.js",34,0,0,0,0
"untrusted","/Users/keheliya/dev/top_games/untrusted/lib/codemirror-3.1/test/test.js",1345,92,15,108,0
"untrusted","/Users/keheliya/dev/top_games/untrusted/lib/codemirror-3.1/test/vim_test.js",1048,88,9,97,0
"untrusted","/Users/keheliya/dev/top_games/untrusted/lib/rotjs-library/hp/hp.js",98,1,0,1,0
"untrusted","/Users/keheliya/dev/top_games/untrusted/lib/rotjs-library/manual/js/manual.js",135,2,0,13,0
"untrusted","/Users/keheliya/dev/top_games/untrusted/lib/rotjs-library/manual/js/oz.js",336,1,0,46,0
"untrusted","/Users/keheliya/dev/top_games/untrusted/lib/rotjs-library/manual/syntax/syntax-js.js",42,1,0,1,0
"untrusted","/Users/keheliya/dev/top_games/untrusted/lib/rotjs-library/manual/syntax/syntax.js",120,0,0,8,0
"untrusted","/Users/keheliya/dev/top_games/untrusted/lib/rotjs-library/rot.js",4093,4,1,205,0
"untrusted","/Users/keheliya/dev/top_games/untrusted/lib/rotjs-library/src/color.js",378,3,1,16,0
"untrusted","/Users/keheliya/dev/top_games/untrusted/lib/rotjs-library/src/display/backend.js",20,0,0,5,0
"untrusted","/Users/keheliya/dev/top_games/untrusted/lib/rotjs-library/src/display/display.js",216,0,0,12,0
"untrusted","/Users/keheliya/dev/top_games/untrusted/lib/rotjs-library/src/display/hex.js",88,0,0,6,0
"untrusted","/Users/keheliya/dev/top_games/untrusted/lib/rotjs-library/src/display/rect.js",110,0,0,7,0
"untrusted","/Users/keheliya/dev/top_games/untrusted/lib/rotjs-library/src/engine.js",63,0,0,7,0
"untrusted","/Users/keheliya/dev/top_games/untrusted/lib/rotjs-library/src/fov/discrete-shadowcasting.js",109,0,0,3,0
"untrusted","/Users/keheliya/dev/top_games/untrusted/lib/rotjs-library/src/fov/fov.js",75,0,0,3,0
"untrusted","/Users/keheliya/dev/top_games/untrusted/lib/rotjs-library/src/fov/precise-shadowcasting.js",124,0,0,3,0
"untrusted","/Users/keheliya/dev/top_games/untrusted/lib/rotjs-library/src/js/array.js",21,0,0,2,0
"untrusted","/Users/keheliya/dev/top_games/untrusted/lib/rotjs-library/src/js/date.js",7,0,0,1,0
"untrusted","/Users/keheliya/dev/top_games/untrusted/lib/rotjs-library/src/js/function.js",10,0,0,1,0
"untrusted","/Users/keheliya/dev/top_games/untrusted/lib/rotjs-library/src/js/number.js",9,0,0,1,0
"untrusted","/Users/keheliya/dev/top_games/untrusted/lib/rotjs-library/src/js/object.js",11,0,0,2,0
"untrusted","/Users/keheliya/dev/top_games/untrusted/lib/rotjs-library/src/js/string.js",82,0,0,6,0
"untrusted","/Users/keheliya/dev/top_games/untrusted/lib/rotjs-library/src/lighting.js",214,0,0,11,0
"untrusted","/Users/keheliya/dev/top_games/untrusted/lib/rotjs-library/src/map/arena.js",21,0,0,2,0
"untrusted","/Users/keheliya/dev/top_games/untrusted/lib/rotjs-library/src/map/cellular.js",90,0,0,5,0
"untrusted","/Users/keheliya/dev/top_games/untrusted/lib/rotjs-library/src/map/digger.js",231,0,0,11,0
"untrusted","/Users/keheliya/dev/top_games/untrusted/lib/rotjs-library/src/map/dividedmaze.js",109,0,0,4,0
"untrusted","/Users/keheliya/dev/top_games/untrusted/lib/rotjs-library/src/map/dungeon.js",27,0,0,3,0
"untrusted","/Users/keheliya/dev/top_games/untrusted/lib/rotjs-library/src/map/ellermaze.js",96,0,0,4,0
"untrusted","/Users/keheliya/dev/top_games/untrusted/lib/rotjs-library/src/map/features.js",321,0,0,26,0
"untrusted","/Users/keheliya/dev/top_games/untrusted/lib/rotjs-library/src/map/iceymaze.js",102,0,0,4,0
"untrusted","/Users/keheliya/dev/top_games/untrusted/lib/rotjs-library/src/map/map.js",21,0,0,3,0
"untrusted","/Users/keheliya/dev/top_games/untrusted/lib/rotjs-library/src/map/uniform.js",331,0,0,12,0
"untrusted","/Users/keheliya/dev/top_games/untrusted/lib/rotjs-library/src/noise/noise.js",8,0,0,2,0
"untrusted","/Users/keheliya/dev/top_games/untrusted/lib/rotjs-library/src/noise/simplex.js",117,0,0,2,0
"untrusted","/Users/keheliya/dev/top_games/untrusted/lib/rotjs-library/src/path/astar.js",92,0,0,4,0
"untrusted","/Users/keheliya/dev/top_games/untrusted/lib/rotjs-library/src/path/dijkstra.js",61,0,0,4,0
"untrusted","/Users/keheliya/dev/top_games/untrusted/lib/rotjs-library/src/path/path.js",45,0,0,3,0
"untrusted","/Users/keheliya/dev/top_games/untrusted/lib/rotjs-library/src/rng.js",118,0,0,8,0
"untrusted","/Users/keheliya/dev/top_games/untrusted/lib/rotjs-library/src/rot.js",354,0,0,1,0
"untrusted","/Users/keheliya/dev/top_games/untrusted/lib/rotjs-library/src/scheduler.js",74,0,0,5,0
"untrusted","/Users/keheliya/dev/top_games/untrusted/lib/rotjs-library/src/stringgenerator.js",173,0,0,11,0
"untrusted","/Users/keheliya/dev/top_games/untrusted/lib/rotjs-library/src/text.js",195,1,0,5,0
"untrusted","/Users/keheliya/dev/top_games/untrusted/lib/rotjs-library/tests/lib/jasmine-1.2.0/jasmine-html.js",617,1,6,42,1
"untrusted","/Users/keheliya/dev/top_games/untrusted/lib/rotjs-library/tests/lib/jasmine-1.2.0/jasmine.js",2530,16,2,246,0
"untrusted","/Users/keheliya/dev/top_games/untrusted/lib/rotjs-library/tests/reporters/jasmine.console_reporter.js",143,1,4,9,0
"untrusted","/Users/keheliya/dev/top_games/untrusted/lib/rotjs-library/tests/spec/color.js",175,47,0,47,0
"untrusted","/Users/keheliya/dev/top_games/untrusted/lib/rotjs-library/tests/spec/display.js",94,21,0,21,0
"untrusted","/Users/keheliya/dev/top_games/untrusted/lib/rotjs-library/tests/spec/dungeon.js",73,12,0,13,0
"untrusted","/Users/keheliya/dev/top_games/untrusted/lib/rotjs-library/tests/spec/engine.js",38,5,0,11,0
"untrusted","/Users/keheliya/dev/top_games/untrusted/lib/rotjs-library/tests/spec/fov.js",98,9,0,13,0
"untrusted","/Users/keheliya/dev/top_games/untrusted/lib/rotjs-library/tests/spec/js.js",151,41,0,46,0
"untrusted","/Users/keheliya/dev/top_games/untrusted/lib/rotjs-library/tests/spec/path.js",203,28,0,31,0
"untrusted","/Users/keheliya/dev/top_games/untrusted/lib/rotjs-library/tests/spec/rng.js",48,10,0,10,0
"untrusted","/Users/keheliya/dev/top_games/untrusted/lib/rotjs-library/tests/spec/scheduler.js",40,4,0,9,0
"untrusted","/Users/keheliya/dev/top_games/untrusted/lib/rotjs-library/tests/spec/text.js",107,20,0,20,0
"untrusted","/Users/keheliya/dev/top_games/untrusted/lib/shortcut.js",224,0,0,3,0
"untrusted","/Users/keheliya/dev/top_games/untrusted/mods/default/intro.js",18,1,1,1,0
"untrusted","/Users/keheliya/dev/top_games/untrusted/mods/example_mod/intro.js",18,1,1,1,0
"untrusted","/Users/keheliya/dev/top_games/untrusted/scripts/_head.js",2,0,0,0,0
"untrusted","/Users/keheliya/dev/top_games/untrusted/scripts/_launcher_debug.js",7,1,0,1,0
"untrusted","/Users/keheliya/dev/top_games/untrusted/scripts/_launcher_release.js",15,2,0,2,0
"untrusted","/Users/keheliya/dev/top_games/untrusted/scripts/_tail.js",6,0,0,0,0
"untrusted","/Users/keheliya/dev/top_games/untrusted/scripts/codeEditor.js",489,5,2,30,0
"untrusted","/Users/keheliya/dev/top_games/untrusted/scripts/display.js",253,3,0,15,0
"untrusted","/Users/keheliya/dev/top_games/untrusted/scripts/dynamicObject.js",246,11,3,20,0
"untrusted","/Users/keheliya/dev/top_games/untrusted/scripts/game.js",417,6,1,22,0
"untrusted","/Users/keheliya/dev/top_games/untrusted/scripts/inventory.js",125,2,0,9,0
"untrusted","/Users/keheliya/dev/top_games/untrusted/scripts/map.js",681,46,2,72,0
"untrusted","/Users/keheliya/dev/top_games/untrusted/scripts/objects.js",248,1,3,20,0
"untrusted","/Users/keheliya/dev/top_games/untrusted/scripts/player.js",214,11,2,19,0
"untrusted","/Users/keheliya/dev/top_games/untrusted/scripts/reference.js",476,0,0,0,0
"untrusted","/Users/keheliya/dev/top_games/untrusted/scripts/sound.js",239,2,1,7,0
"untrusted","/Users/keheliya/dev/top_games/untrusted/scripts/ui.js",284,33,0,40,1
"untrusted","/Users/keheliya/dev/top_games/untrusted/scripts/util.js",155,3,4,8,0
"untrusted","/Users/keheliya/dev/top_games/untrusted/scripts/validate.js",351,1,0,17,0